County,Subcounty,PCN,pcn_location,supporting_partner,establishment_status,Proportion of functional Community Health Committees  in the PCN,Proportion of Health facilities that have received supportive supervision in the PCN,Functional PCN Management committee,Functionallity of MDTs ,Governance Score,Governance Weighted Score,POPULATION HEALTH NEEDS ,Number of population profiling assessments conducted,Proportion of population health needs that have been addressed ,Number of wellness activities conducted within the PCN ,Population Needs Score,Population Needs Weighted Score,CAPACITY READINESS ,1.HPTS ,Proportion  of  facilities in the PCN that had all 22  tracer pharmaceuticals  at the time of assessment ,Proportion of facilities in the PCN that have all 23 tracer non-pharmaceuticals at the time of assessment ,Availability of the whole blood and blood components in the hospitals ,Percentage of Health facilities with stock out on any of the 22 tracer pharmaceuticals for 7 consecutive days in a month*,Percentage of Health facilities with stock out on any of the 22 tracer non-pharmaceuticals for 7 consecutive days in a month*,Proportion of hospitals with comprehensive lab services within the PCN,Proportion of spokes with basic lab services within the PCN,2.EQUIPMENT,Proportion of Facilities within the PCN with all basic  tracer equipment available and functional **List provided below the  template,Capacity Readiness Score,Capacity Readiness Weighted Score,HEALTH CARE FINANCING ,Proportion of clients accessing Health Services using SHIF,Proportion of the target Health Facilities empanneled on SHA within the PCN,Proportion of Health Facilities in the PCN making SHA claims,Proportion of claims reimbursed to HFs within the PCN,Proportion of FIF collected rolled back to the facilities within PCN,Number of people waived for user fees in Hospitals within the PCN,Total amount of user fees  waived in Health care Facilities within the PCN,Healthcare Financing Score,Healthcare Financing Weighted Score,HEALTH INFRASTRUCTURE,Proportion of health facilities with accessible road network,Proportion of  facilities with the appropriate WASH facilities ***,Proportion of  facilities with the tracer list of infrastructure as per KEPH standards,Proportion of facilties with a reliable power source,PCN access to adequate ambulance services,Ambulance request Score,Health infrastructure Score,Health infrastructure Weighted Score,HMIS/ DIGITAL HEALTH,Proprtion of facilties with  reliable internet connection,Proportion of facilities in the PCN with the key OPD reporting tools (6),No of performance and data quality review meetings held quarterly within the PCN,Proportion of facilities with ICT infrastructure ,Proportion of facilities in a PCN with an integrated functional EMR,Proportion of CHUs within the PCN reporting monthly,HMIS Score,HMIS Weighted Score,HRH ,Core HRH density,Doctor to population ratio,Clinical officer to  population ratio,Nurse to population ratio,CHA/CHO  to population ratio,Proportion of CHPs trained on basic modules,Health care workers sensitized on PHC /PCN ,Does the PCN have a mechanism to enhance health workers skills?,Proportion of health workers who have undergone a skills/ competency buliding course within the last 2 years,HRH Score,HRH Weighted Score,SERVICE DELIVERY,SERVICE DELIVERY PROCESSES ,Number of outreaches conducted  by the MDT,Number of in-reaches conducted within the PCN,Service Delivery Score ,Service Delivery Weighted Score ,QUALITY OF CARE -MANAGEMENT SYSTEMS ,Proportion of hospitals with functional facility quality improvement teams (QIT),Proportion of spokes with functional facility work improvement teams (WIT),Average availability of selected IPC items  *(items defined below),QoC Management Systems Score,QUALITY OF CARE -PHC CORE SYSTEMS,Adherence to clinical guidelines for Primary health care facilities,Provider Availability (absenteeism) for Primary health care facilities,QoC PHC Core Systems Score,QUALITY OF CARE OUTCOMES ,Proportion of facilities conducting MPDSR,"Fresh Stillbirth rate per 1,000 births in health facilities","Number of maternal deaths reported in Health facilities per 100,000 live births",Proportion of maternal deaths Audited,"Number of neonatal deaths per 1,000 live births",Proportion of neonatal deaths audited ,TB Treatment Success Rate,QoC Outcomes Score,QoC Outcomes Weighted Score,SOCIAL ACCOUNTABILITY,Proportion of facilities which have conducted a client satisfaction survey,No. of MDT engagements with the community ,No. of health facilities with functional GRMs ,Social Accountability Score,Social Accountability Weighted Score,MULTISECTORAL PARTNERSHIPS AND COORDINATION,Proportion of multi-sectoral actions implemented,Number of inter- PCN peer to peer learning sessions held ,Multisectoral Partnerships and Coordination Score,Multisectoral Partnerships and Coordination Weighted Score,INNOVATIONS AND LEARNING ,Number of PHC related innovations/ best practice implemented/adapted,Innovations and Learning Score,Innovations and Learning Weighted Score,Total PCN Score (Total Weighted Score)
Garissa,Garissa Township,Garissa PCN,"-0.475852,39.656408",UNICEF ,gazettement_ongoing,100,100,0,100,100,100,,0,100,25,42,22,,,70,85,5,16,9,100,100,,92,63,3,,23,60,60,43,2,100,100,61,0,,100,100,67,100,0,0,92,0,,60,69,69,0,0,100,66,0,,0,0,0,0,0,100,100,100,90,54,0,,,42,100,42,3,,100,100,100,100,,100,0,88,,100,45,17,100,28,100,100,95,0,,100,0,0,33,0,,74,100,87,0,,20,20,0,51
Garissa,Lagdera,Lagdera PCN,"0.732647,39.185832",UNICEF ,gazettement_ongoing,100,100,0,100,100,100,,100,100,63,88,46,,,76,83,0,19,10,2,1,,88,47,2,,40,100,75,41,25,0,0,40,0,,60,100,51,100,0,0,78,0,,25,59,1,0,0,100,42,0,,10,30,30,40,20,95,100,100,100,58,0,,,83,67,24,0,,100,100,75,60,,75,0,36,,25,3,0,1,100,98,100,50,0,,0,50,25,33,0,,20,50,33,0,,100,100,0,48
Makueni,Kaiti,Kaiti PCN,"-1.7862293,37.3603789",PATH & CIHEB,pending_gazettement ,15,100,0,80,65,65,,100,100,100,100,50,,,74,83,65,37,23,60,0,,80,67,0,,0,4,100,100,100,240770,240770,77,0,,0,73,72,80,0,0,75,0,,40,100,100,0,0,100,68,0,,30,0,70,80,0,0,45,100,74,50,0,,,0,25,35,0,,40,20,87,53,,80,100,90,,100,3.3,0,0,9,9,0,31,0,,20,50,40,37,0,,100,100,100,0,,100,100,0,62
Makueni,Mbooni,Mbooni PCN,"-1.6586844,37.4542402",PATH & CIHEB,pending_gazettement ,15,100,0,80,65,65,,100,100,100,100,50,,,76,75,28,26,0,80,0,,86,57,0,,0,24,100,100,100,227900,227900,73,0,,0,73,65,60,0,0,66,0,,20,100,100,0,0,100,64,0,,30,0,50,80,60,0,40,100,87,56,0,,,33,17,43,0,,20,20,73,47,,20,100,60,,7,42.9,29,100,4.4,93,0,39,0,,20,100,40,53,0,,100,100,100,0,,100,100,0,63
Nyeri,Nyeri Town,Nyeri Central/South PCN,"-0.542681,36.9420523",AMREF (J&J Elma),gazettement_ongoing,30,31,0,70,44,2,,100,27,63,63,6,,,58,70,19,45,39,100,100,,83,70,3,,0,39,80,80,39,100,100,66,7,,100,80,74,100,0,0,89,4,,100,100,100,6,0,100,76,4,,100,50,100,100,100,100,52,100,86,88,4,,,100,1,36,3,,6,100,80,0,,58,40,0,,1,11,0,0,3,3,89,32,5,,100,75,0,83,4,,50,0,83,4,,0,0,0,51
Nyeri,Mukurwe-ini,Mukurwe-ini PCN,"-0.562224,37.0443799",AMREF (J&J Elma),gazettement_ongoing,100,0,0,70,57,3,,100,100,100,100,10,,,56,70,13,23,16,5,43,,100,40,2,,0,55,8,100,100,88,0,64,6,,100,100,61,22,0,0,71,4,,100,78,78,0,0,100,66,3,,30,30,30,80,100,99,54,100,55,64,3,,,1,100,37,3,,100,100,80,0,,60,20,0,,100,20,2,2,9,9,79,44,7,,100,0,0,33,2,,100,100,100,5,,100,100,5,46
Nairobi,Embakasi East,Embakasi East PCN,"-1.303045,36.9049074",CIHEB (CDC),gazetted,85,100,100,100,96,0,,0,0,0,0,0,,,100,66,5,44,44,9,91,,100,57,9,,89,8,77,0,0,0,0,25,0,,100,100,100,100,100,0,83,0,,100,100,100,0,0,100,80,0,,10,50,100,80,100,100,75,100,100,79,0,,,100,50,75,11,,100,100,100,0,,100,100,0,,0,0,0,100,0,100,85,68,0,,100,0,0,33,0,,100,0,33,0,,0,0,0,55
Nairobi,Dagoretti North,Dagoreti North PCN,"-1.286615,36.741041",UNICEF ,pending_gazettement ,75,23,0,100,50,3,,100,100,38,79,8,,,0,0,0,100,100,0,43,,81,41,6,,0,0,83,42,0,0,0,18,0,,100,83,61,100,100,0,74,0,,83,58,58,0,33,100,70,0,,100,0,0,20,100,52,13,100,58,49,0,,,42,25,34,0,,83,67,67,0,,67,0,0,,100,66,0,0,0,0,85,49,0,,5,0,0,2,0,,100,0,2,0,,100,100,0,41
West Pokot,Sigor,Pokot Central PCN,"1.477477,35.471252",UNICEF ,pending_gazettement ,0,38,0,0,10,7,,0,0,0,0,0,,,8,8,12,0,0,50,43,,71,24,4,,0,12,100,100,70,0,100,55,0,,63,88,100,63,100,100,86,0,,38,64,64,0,13,100,43,0,,10,100,100,100,20,100,13,100,34,64,0,,,0,0,0,0,,13,13,88,0,,38,6,0,,6,30,6,6,23,0,80,24,0,,25,0,0,8,0,,0,0,8,0,,0,0,0,24
West Pokot,Kacheliba,Kacheliba PCN,"1.490174,35.010493",UNICEF ,pending_gazettement ,0,100,0,0,25,1,,100,100,13,71,7,,,48,48,1,48,48,5,20,,48,33,5,,0,100,100,100,100,100,0,71,0,,100,71,48,24,100,0,57,0,,4,100,100,0,0,100,61,0,,100,100,100,100,20,100,26,100,26,49,0,,,0,0,0,0,,100,0,2,0,,48,100,0,,5,30,6,6,23,3,78,31,0,,0,0,0,0,0,,0,0,0,0,,100,100,0,38
Migori,Suna West,Suna West PCN,"-1.1162222,34.3468889",CDC,pending_gazettement ,15,0,0,40,18,1,,0,0,75,25,3,,,61,67,128,43,30,20,26,,62,52,8,,60,100,100,20,70,0,0,50,5,,46,89,67,26,0,0,57,3,,42,73,0,0,17,93.3,45,2,,80,0,80,80,20,70,32,100,12,53,3,,,0,50,44,7,,50,12,82,44,,0,0,0,,100,14,0,0,11,91,0,45,7,,14,0,50,21,1,,0,0,0,0,,0,0,0,38
Migori,Kuria East,Kuria East PCN,"-1.334234,34.686759",Lwala Community Alliance,pending_gazettement ,100,38,0,100,79,4,,100,50,7,52,5,,,60,37,0,37,38,0,31,,37,38,6,,47,0,97,29,8,100,0,40,4,,100,70,56,96,0,0,81,4,,80,100,100,28,28,45,64,3,,80,0,80,80,20,100,100,100,50,68,3,,,100,100,54,8,,80,100,40,47,,100,5,53,,100,94,0,0,86,100,99,75,11,,0,0,0,0,0,,20,0,10,1,,0,0,0,49
Baringo,Baringo Central,Baringo Central PCN,"0.4919,35.7436",UNICEF,pending_gazettement ,,,,,,,,,,,,,,,,,,,,,,,,,,,,,,,,,,,,,,,,,,,,,,,,,,,,,,,,,,,,,,,,,,,,,,,,,,,,,,,,,,,,,,,,,,,,,,,,,,,,,,,,,,
Baringo,Baringo North,Baringo North PCN,"0.724,35.964",UNICEF,pending_gazettement ,,,,,,,,,,,,,,,,,,,,,,,,,,,,,,,,,,,,,,,,,,,,,,,,,,,,,,,,,,,,,,,,,,,,,,,,,,,,,,,,,,,,,,,,,,,,,,,,,,,,,,,,,,
Baringo,Baringo South/Marigat,Baringo South/Marigat PCN,"0.4717,35.9776",Tujenge Jamii (USAID) & PS Kenya,pending_gazettement ,,,,,,,,,,,,,,,,,,,,,,,,,,,,,,,,,,,,,,,,,,,,,,,,,,,,,,,,,,,,,,,,,,,,,,,,,,,,,,,,,,,,,,,,,,,,,,,,,,,,,,,,,,
Baringo,Eldama ravine/Koibatek,Eldama ravine/Koibatek PCN,"0.0527,35.7273",Tujenge Jamii (USAID) & PS Kenya,pending_gazettement ,,,,,,,,,,,,,,,,,,,,,,,,,,,,,,,,,,,,,,,,,,,,,,,,,,,,,,,,,,,,,,,,,,,,,,,,,,,,,,,,,,,,,,,,,,,,,,,,,,,,,,,,,,
Baringo,Mogotio,Mogotio PCN,"0.0076,35.929",Dandelion,pending_gazettement ,,,,,,,,,,,,,,,,,,,,,,,,,,,,,,,,,,,,,,,,,,,,,,,,,,,,,,,,,,,,,,,,,,,,,,,,,,,,,,,,,,,,,,,,,,,,,,,,,,,,,,,,,,
Baringo,Tiaty East,Tiaty East PCN,"0.449,36.03",Tujenge Jamii (USAID),pending_gazettement ,,,,,,,,,,,,,,,,,,,,,,,,,,,,,,,,,,,,,,,,,,,,,,,,,,,,,,,,,,,,,,,,,,,,,,,,,,,,,,,,,,,,,,,,,,,,,,,,,,,,,,,,,,
Baringo,Tiaty West,Tiaty West PCN,"0.632,36.065",Tujenge Jamii (USAID),pending_gazettement ,,,,,,,,,,,,,,,,,,,,,,,,,,,,,,,,,,,,,,,,,,,,,,,,,,,,,,,,,,,,,,,,,,,,,,,,,,,,,,,,,,,,,,,,,,,,,,,,,,,,,,,,,,
Bomet,Sotik,Sotik PCN,"0.6840,35.111",WHO,pending_gazettement ,,,,,,,,,,,,,,,,,,,,,,,,,,,,,,,,,,,,,,,,,,,,,,,,,,,,,,,,,,,,,,,,,,,,,,,,,,,,,,,,,,,,,,,,,,,,,,,,,,,,,,,,,,
Bomet,Bomet Central,Bomet Central PCN,"0.7813,35.3416",No Supporting Partner,awaiting_partner_support,,,,,,,,,,,,,,,,,,,,,,,,,,,,,,,,,,,,,,,,,,,,,,,,,,,,,,,,,,,,,,,,,,,,,,,,,,,,,,,,,,,,,,,,,,,,,,,,,,,,,,,,,,
Bomet,Bomet East,Bomet East PCN,"0.8630,35.428",No Supporting Partner,awaiting_partner_support,,,,,,,,,,,,,,,,,,,,,,,,,,,,,,,,,,,,,,,,,,,,,,,,,,,,,,,,,,,,,,,,,,,,,,,,,,,,,,,,,,,,,,,,,,,,,,,,,,,,,,,,,,
Bomet,Chepalungu,Chepalungu PCN,"0.9630,35.271",WHO,pending_gazettement ,,,,,,,,,,,,,,,,,,,,,,,,,,,,,,,,,,,,,,,,,,,,,,,,,,,,,,,,,,,,,,,,,,,,,,,,,,,,,,,,,,,,,,,,,,,,,,,,,,,,,,,,,,
Bomet,Konoin,Konoin PCN,"0.7060,35.224",WHO,pending_gazettement ,,,,,,,,,,,,,,,,,,,,,,,,,,,,,,,,,,,,,,,,,,,,,,,,,,,,,,,,,,,,,,,,,,,,,,,,,,,,,,,,,,,,,,,,,,,,,,,,,,,,,,,,,,
Bungoma,Kimilili,Kimilili PCN,"0.748,34.72",AMREF,pending_gazettement ,,,,,,,,,,,,,,,,,,,,,,,,,,,,,,,,,,,,,,,,,,,,,,,,,,,,,,,,,,,,,,,,,,,,,,,,,,,,,,,,,,,,,,,,,,,,,,,,,,,,,,,,,,
Bungoma,Bumula,Bumula PCN,"0.632,34.781",No Supporting Partner,awaiting_partner_support,,,,,,,,,,,,,,,,,,,,,,,,,,,,,,,,,,,,,,,,,,,,,,,,,,,,,,,,,,,,,,,,,,,,,,,,,,,,,,,,,,,,,,,,,,,,,,,,,,,,,,,,,,
Bungoma,Kanduyi,Kanduyi PCN,"0.5695,34.5584",No Supporting Partner,awaiting_partner_support,,,,,,,,,,,,,,,,,,,,,,,,,,,,,,,,,,,,,,,,,,,,,,,,,,,,,,,,,,,,,,,,,,,,,,,,,,,,,,,,,,,,,,,,,,,,,,,,,,,,,,,,,,
Bungoma,Sirisia,Sirisia PCN,"0.736,34.469",No Supporting Partner,awaiting_partner_support,,,,,,,,,,,,,,,,,,,,,,,,,,,,,,,,,,,,,,,,,,,,,,,,,,,,,,,,,,,,,,,,,,,,,,,,,,,,,,,,,,,,,,,,,,,,,,,,,,,,,,,,,,
Bungoma,Cheptais,Cheptais PCN,"0.802,34.655",No Supporting Partner,awaiting_partner_support,,,,,,,,,,,,,,,,,,,,,,,,,,,,,,,,,,,,,,,,,,,,,,,,,,,,,,,,,,,,,,,,,,,,,,,,,,,,,,,,,,,,,,,,,,,,,,,,,,,,,,,,,,
Bungoma,Kabuchai,Kabuchai PCN,"0.703,34.595",No Supporting Partner,awaiting_partner_support,,,,,,,,,,,,,,,,,,,,,,,,,,,,,,,,,,,,,,,,,,,,,,,,,,,,,,,,,,,,,,,,,,,,,,,,,,,,,,,,,,,,,,,,,,,,,,,,,,,,,,,,,,
Bungoma,Tongaren,Tongaren PCN,"0.738,34.638",No Supporting Partner,awaiting_partner_support,,,,,,,,,,,,,,,,,,,,,,,,,,,,,,,,,,,,,,,,,,,,,,,,,,,,,,,,,,,,,,,,,,,,,,,,,,,,,,,,,,,,,,,,,,,,,,,,,,,,,,,,,,
Bungoma,Webuye West,Webuye West PCN,"0.597,34.77",AMPATH,pending_gazettement ,,,,,,,,,,,,,,,,,,,,,,,,,,,,,,,,,,,,,,,,,,,,,,,,,,,,,,,,,,,,,,,,,,,,,,,,,,,,,,,,,,,,,,,,,,,,,,,,,,,,,,,,,,
Bungoma,Webuye East,Webuye East PCN,"0.597,34.77",No Supporting Partner,awaiting_partner_support,,,,,,,,,,,,,,,,,,,,,,,,,,,,,,,,,,,,,,,,,,,,,,,,,,,,,,,,,,,,,,,,,,,,,,,,,,,,,,,,,,,,,,,,,,,,,,,,,,,,,,,,,,
Bungoma,Mt. Elgon,Mt. Elgon PCN,"0.786,34.722",No Supporting Partner,awaiting_partner_support,,,,,,,,,,,,,,,,,,,,,,,,,,,,,,,,,,,,,,,,,,,,,,,,,,,,,,,,,,,,,,,,,,,,,,,,,,,,,,,,,,,,,,,,,,,,,,,,,,,,,,,,,,
Busia ,Matayos,Matayos PCN,"0.457,34.111",UNICEF,pending_gazettement ,,,,,,,,,,,,,,,,,,,,,,,,,,,,,,,,,,,,,,,,,,,,,,,,,,,,,,,,,,,,,,,,,,,,,,,,,,,,,,,,,,,,,,,,,,,,,,,,,,,,,,,,,,
Busia ,Butula,Butula PCN,"0.33,34.311",UNICEF,pending_gazettement ,,,,,,,,,,,,,,,,,,,,,,,,,,,,,,,,,,,,,,,,,,,,,,,,,,,,,,,,,,,,,,,,,,,,,,,,,,,,,,,,,,,,,,,,,,,,,,,,,,,,,,,,,,
Busia ,Teso South,Teso South PCN,"0.615,34.288",UNICEF,pending_gazettement ,,,,,,,,,,,,,,,,,,,,,,,,,,,,,,,,,,,,,,,,,,,,,,,,,,,,,,,,,,,,,,,,,,,,,,,,,,,,,,,,,,,,,,,,,,,,,,,,,,,,,,,,,,
Busia ,Bunyala,Bunyala PCN,"0.098,33.972",AMPATH ,awaiting_partner_support,,,,,,,,,,,,,,,,,,,,,,,,,,,,,,,,,,,,,,,,,,,,,,,,,,,,,,,,,,,,,,,,,,,,,,,,,,,,,,,,,,,,,,,,,,,,,,,,,,,,,,,,,,
Busia ,Teso North ,Teso North  PCN,"0.728,34.327",UNICEF,pending_gazettement ,,,,,,,,,,,,,,,,,,,,,,,,,,,,,,,,,,,,,,,,,,,,,,,,,,,,,,,,,,,,,,,,,,,,,,,,,,,,,,,,,,,,,,,,,,,,,,,,,,,,,,,,,,
Busia ,Samia,Samia PCN,"0.248,34.214",UNICEF,pending_gazettement ,,,,,,,,,,,,,,,,,,,,,,,,,,,,,,,,,,,,,,,,,,,,,,,,,,,,,,,,,,,,,,,,,,,,,,,,,,,,,,,,,,,,,,,,,,,,,,,,,,,,,,,,,,
Busia ,Nambale,Nambale PCN,"0.395,34.253",No Supporting Partner,awaiting_partner_support,,,,,,,,,,,,,,,,,,,,,,,,,,,,,,,,,,,,,,,,,,,,,,,,,,,,,,,,,,,,,,,,,,,,,,,,,,,,,,,,,,,,,,,,,,,,,,,,,,,,,,,,,,
Busia ,Teso Central,Teso Central PCN,"0.671,34.329",No Supporting Partner, new_sub_county_not_gazetted,,,,,,,,,,,,,,,,,,,,,,,,,,,,,,,,,,,,,,,,,,,,,,,,,,,,,,,,,,,,,,,,,,,,,,,,,,,,,,,,,,,,,,,,,,,,,,,,,,,,,,,,,,
Elgeyo Marakwet,Marakwet west ,Marakwet west - PCN1,"0.973,35.008",AMPATH ,gazetted,,,,,,,,,,,,,,,,,,,,,,,,,,,,,,,,,,,,,,,,,,,,,,,,,,,,,,,,,,,,,,,,,,,,,,,,,,,,,,,,,,,,,,,,,,,,,,,,,,,,,,,,,,
Elgeyo Marakwet,Marakwet west ,Marakwet west - PCN2,"0.973,35.558",AMPATH ,gazetted,,,,,,,,,,,,,,,,,,,,,,,,,,,,,,,,,,,,,,,,,,,,,,,,,,,,,,,,,,,,,,,,,,,,,,,,,,,,,,,,,,,,,,,,,,,,,,,,,,,,,,,,,,
Elgeyo Marakwet,Marakwet East ,Marakwet East - PCN1,"1.043,35.002",World Vision,gazetted,,,,,,,,,,,,,,,,,,,,,,,,,,,,,,,,,,,,,,,,,,,,,,,,,,,,,,,,,,,,,,,,,,,,,,,,,,,,,,,,,,,,,,,,,,,,,,,,,,,,,,,,,,
Elgeyo Marakwet,Marakwet East ,Marakwet East - PCN2,"1.043,35.572",World Vision,gazetted,,,,,,,,,,,,,,,,,,,,,,,,,,,,,,,,,,,,,,,,,,,,,,,,,,,,,,,,,,,,,,,,,,,,,,,,,,,,,,,,,,,,,,,,,,,,,,,,,,,,,,,,,,
Elgeyo Marakwet,Keiyo North,Keiyo North - PCN1,"0.669,35.008",AMPATH,gazetted,,,,,,,,,,,,,,,,,,,,,,,,,,,,,,,,,,,,,,,,,,,,,,,,,,,,,,,,,,,,,,,,,,,,,,,,,,,,,,,,,,,,,,,,,,,,,,,,,,,,,,,,,,
Elgeyo Marakwet,Keiyo North,Keiyo North - PCN2,"0.669,35.508",AMPATH,gazetted,,,,,,,,,,,,,,,,,,,,,,,,,,,,,,,,,,,,,,,,,,,,,,,,,,,,,,,,,,,,,,,,,,,,,,,,,,,,,,,,,,,,,,,,,,,,,,,,,,,,,,,,,,
Elgeyo Marakwet,Keiyo South,Keiyo South - PCN1,"0.579,35.057",AMPATH,awaiting_establishment,,,,,,,,,,,,,,,,,,,,,,,,,,,,,,,,,,,,,,,,,,,,,,,,,,,,,,,,,,,,,,,,,,,,,,,,,,,,,,,,,,,,,,,,,,,,,,,,,,,,,,,,,,
Elgeyo Marakwet,Keiyo South,Keiyo South - PCN2,"0.579,35.57",AMPATH,awaiting_establishment,,,,,,,,,,,,,,,,,,,,,,,,,,,,,,,,,,,,,,,,,,,,,,,,,,,,,,,,,,,,,,,,,,,,,,,,,,,,,,,,,,,,,,,,,,,,,,,,,,,,,,,,,,
Embu,Runyenjes,Runyenjes PCN,"0.4270,37.327",AMREF,pending_gazettement ,,,,,,,,,,,,,,,,,,,,,,,,,,,,,,,,,,,,,,,,,,,,,,,,,,,,,,,,,,,,,,,,,,,,,,,,,,,,,,,,,,,,,,,,,,,,,,,,,,,,,,,,,,
Embu,Mbeere North,Mbeere North PCN,"0.5480,37.627",AMREF,pending_gazettement ,,,,,,,,,,,,,,,,,,,,,,,,,,,,,,,,,,,,,,,,,,,,,,,,,,,,,,,,,,,,,,,,,,,,,,,,,,,,,,,,,,,,,,,,,,,,,,,,,,,,,,,,,,
Embu,Mbeere South,Mbeere South PCN,"0.6850,37.693",AMREF,pending_gazettement ,,,,,,,,,,,,,,,,,,,,,,,,,,,,,,,,,,,,,,,,,,,,,,,,,,,,,,,,,,,,,,,,,,,,,,,,,,,,,,,,,,,,,,,,,,,,,,,,,,,,,,,,,,
Embu,Manyatta,Manyatta PCN,"0.5395,37.4574",AMREF,pending_gazettement ,,,,,,,,,,,,,,,,,,,,,,,,,,,,,,,,,,,,,,,,,,,,,,,,,,,,,,,,,,,,,,,,,,,,,,,,,,,,,,,,,,,,,,,,,,,,,,,,,,,,,,,,,,
Embu,Mwea,Mwea PCN,"0.6740,37.382",AMREF,pending_gazettement ,,,,,,,,,,,,,,,,,,,,,,,,,,,,,,,,,,,,,,,,,,,,,,,,,,,,,,,,,,,,,,,,,,,,,,,,,,,,,,,,,,,,,,,,,,,,,,,,,,,,,,,,,,
Garissa,Hulugho ,Hulugho  PCN,"1.1870,40.63",UNICEF,gazettement_ongoing,,,,,,,,,,,,,,,,,,,,,,,,,,,,,,,,,,,,,,,,,,,,,,,,,,,,,,,,,,,,,,,,,,,,,,,,,,,,,,,,,,,,,,,,,,,,,,,,,,,,,,,,,,
Garissa,Ijara ,Ijara  PCN,"1.5950,40.514",UNICEF,gazettement_ongoing,,,,,,,,,,,,,,,,,,,,,,,,,,,,,,,,,,,,,,,,,,,,,,,,,,,,,,,,,,,,,,,,,,,,,,,,,,,,,,,,,,,,,,,,,,,,,,,,,,,,,,,,,,
Garissa,Fafi ,Fafi  PCN,"1.2790,40.046",UNICEF,gazettement_ongoing,,,,,,,,,,,,,,,,,,,,,,,,,,,,,,,,,,,,,,,,,,,,,,,,,,,,,,,,,,,,,,,,,,,,,,,,,,,,,,,,,,,,,,,,,,,,,,,,,,,,,,,,,,
Garissa,Dadaab ,Dadaab  PCN,"0.052,40.308",UNICEF,gazettement_ongoing,,,,,,,,,,,,,,,,,,,,,,,,,,,,,,,,,,,,,,,,,,,,,,,,,,,,,,,,,,,,,,,,,,,,,,,,,,,,,,,,,,,,,,,,,,,,,,,,,,,,,,,,,,
Garissa,Balambala ,Balambala  PCN,"0.4560,39.846",UNICEF,gazettement_ongoing,,,,,,,,,,,,,,,,,,,,,,,,,,,,,,,,,,,,,,,,,,,,,,,,,,,,,,,,,,,,,,,,,,,,,,,,,,,,,,,,,,,,,,,,,,,,,,,,,,,,,,,,,,
Homabay,Rachuonyo South,Rachuonyo South PCN,"0.5080,34.73",MCGL (USAID),pending_gazettement ,,,,,,,,,,,,,,,,,,,,,,,,,,,,,,,,,,,,,,,,,,,,,,,,,,,,,,,,,,,,,,,,,,,,,,,,,,,,,,,,,,,,,,,,,,,,,,,,,,,,,,,,,,
Homabay,Suba south  ,Suba south   PCN,"0.5150,34.282",LVCT (CDC),pending_gazettement ,,,,,,,,,,,,,,,,,,,,,,,,,,,,,,,,,,,,,,,,,,,,,,,,,,,,,,,,,,,,,,,,,,,,,,,,,,,,,,,,,,,,,,,,,,,,,,,,,,,,,,,,,,
Homabay,Homa bay town,Homa bay town PCN,"0.5273,34.4571",Lwala Community Alliance,pending_gazettement ,,,,,,,,,,,,,,,,,,,,,,,,,,,,,,,,,,,,,,,,,,,,,,,,,,,,,,,,,,,,,,,,,,,,,,,,,,,,,,,,,,,,,,,,,,,,,,,,,,,,,,,,,,
Homabay,Kabondo Kasipul (Rachuonyo East),Kabondo Kasipul (Rachuonyo East) PCN,"0.4560,34.785",MCGL (USAID),pending_gazettement ,,,,,,,,,,,,,,,,,,,,,,,,,,,,,,,,,,,,,,,,,,,,,,,,,,,,,,,,,,,,,,,,,,,,,,,,,,,,,,,,,,,,,,,,,,,,,,,,,,,,,,,,,,
Homabay,Karachuonyo (Rachuonyo North),Karachuonyo (Rachuonyo North) PCN,"0.3640,34.64",MCGL (USAID),pending_gazettement ,,,,,,,,,,,,,,,,,,,,,,,,,,,,,,,,,,,,,,,,,,,,,,,,,,,,,,,,,,,,,,,,,,,,,,,,,,,,,,,,,,,,,,,,,,,,,,,,,,,,,,,,,,
Homabay,Mbita (Suba North),Mbita (Suba North) PCN,"0.4190,34.204",Lwala Community Alliance,pending_gazettement ,,,,,,,,,,,,,,,,,,,,,,,,,,,,,,,,,,,,,,,,,,,,,,,,,,,,,,,,,,,,,,,,,,,,,,,,,,,,,,,,,,,,,,,,,,,,,,,,,,,,,,,,,,
Homabay,Ndhiwa,Ndhiwa PCN,"0.8010,34.371",PS Kenya,pending_gazettement ,,,,,,,,,,,,,,,,,,,,,,,,,,,,,,,,,,,,,,,,,,,,,,,,,,,,,,,,,,,,,,,,,,,,,,,,,,,,,,,,,,,,,,,,,,,,,,,,,,,,,,,,,,
Homabay,Rangwe,Rangwe PCN,"0.6700,34.5",MCGL (USAID),pending_gazettement ,,,,,,,,,,,,,,,,,,,,,,,,,,,,,,,,,,,,,,,,,,,,,,,,,,,,,,,,,,,,,,,,,,,,,,,,,,,,,,,,,,,,,,,,,,,,,,,,,,,,,,,,,,
Homabay,Suba West as per gazettement/Central,Suba West as per gazettement/Central PCN,"0.4020,34.16",MCGL (USAID),pending_gazettement ,,,,,,,,,,,,,,,,,,,,,,,,,,,,,,,,,,,,,,,,,,,,,,,,,,,,,,,,,,,,,,,,,,,,,,,,,,,,,,,,,,,,,,,,,,,,,,,,,,,,,,,,,,
Isiolo,Merti ,Merti  PCN,"0.145,37.7",WHO & UNICEF,pending_gazettement ,,,,,,,,,,,,,,,,,,,,,,,,,,,,,,,,,,,,,,,,,,,,,,,,,,,,,,,,,,,,,,,,,,,,,,,,,,,,,,,,,,,,,,,,,,,,,,,,,,,,,,,,,,
Isiolo,Isiolo,Isiolo PCN,"0.3546,37.5822",WHO,pending_gazettement ,,,,,,,,,,,,,,,,,,,,,,,,,,,,,,,,,,,,,,,,,,,,,,,,,,,,,,,,,,,,,,,,,,,,,,,,,,,,,,,,,,,,,,,,,,,,,,,,,,,,,,,,,,
Isiolo,Garbatulla,Garbatulla PCN,"0.452,37.803",UNICEF,pending_gazettement ,,,,,,,,,,,,,,,,,,,,,,,,,,,,,,,,,,,,,,,,,,,,,,,,,,,,,,,,,,,,,,,,,,,,,,,,,,,,,,,,,,,,,,,,,,,,,,,,,,,,,,,,,,
Kajiado,Loitokitok,Loitokitok PCN,"2.9140,37.51",Fahari ya Jamii & UON (USAID),pending_gazettement ,,,,,,,,,,,,,,,,,,,,,,,,,,,,,,,,,,,,,,,,,,,,,,,,,,,,,,,,,,,,,,,,,,,,,,,,,,,,,,,,,,,,,,,,,,,,,,,,,,,,,,,,,,
Kajiado,Kajiado Central,Kajiado Central PCN,"1.8470,36.785",Fahari ya Jamii & UON (USAID),pending_gazettement ,,,,,,,,,,,,,,,,,,,,,,,,,,,,,,,,,,,,,,,,,,,,,,,,,,,,,,,,,,,,,,,,,,,,,,,,,,,,,,,,,,,,,,,,,,,,,,,,,,,,,,,,,,
Kajiado,Kajiado West,Kajiado West PCN,"1.9090,36.287",Fahari ya Jamii & UON (USAID),pending_gazettement ,,,,,,,,,,,,,,,,,,,,,,,,,,,,,,,,,,,,,,,,,,,,,,,,,,,,,,,,,,,,,,,,,,,,,,,,,,,,,,,,,,,,,,,,,,,,,,,,,,,,,,,,,,
Kajiado,Kajiado North,Kajiado North PCN,"1.3600,36.65",Fahari ya Jamii & UON (USAID),pending_gazettement ,,,,,,,,,,,,,,,,,,,,,,,,,,,,,,,,,,,,,,,,,,,,,,,,,,,,,,,,,,,,,,,,,,,,,,,,,,,,,,,,,,,,,,,,,,,,,,,,,,,,,,,,,,
Kajiado,Kajiado East,Kajiado East PCN,"1.4750,36.958",Fahari ya Jamii & UON (USAID),pending_gazettement ,,,,,,,,,,,,,,,,,,,,,,,,,,,,,,,,,,,,,,,,,,,,,,,,,,,,,,,,,,,,,,,,,,,,,,,,,,,,,,,,,,,,,,,,,,,,,,,,,,,,,,,,,,
Kakamega,Navakholo,Navakholo PCN,"0.421,34.721",AMREF,pending_gazettement ,,,,,,,,,,,,,,,,,,,,,,,,,,,,,,,,,,,,,,,,,,,,,,,,,,,,,,,,,,,,,,,,,,,,,,,,,,,,,,,,,,,,,,,,,,,,,,,,,,,,,,,,,,
Kakamega,Shinyalu,Shinyalu PCN,"0.331,34.72",AMREF,pending_gazettement ,,,,,,,,,,,,,,,,,,,,,,,,,,,,,,,,,,,,,,,,,,,,,,,,,,,,,,,,,,,,,,,,,,,,,,,,,,,,,,,,,,,,,,,,,,,,,,,,,,,,,,,,,,
Kakamega,Mumias East,Mumias East PCN,"0.336,34.486",AMREF,pending_gazettement ,,,,,,,,,,,,,,,,,,,,,,,,,,,,,,,,,,,,,,,,,,,,,,,,,,,,,,,,,,,,,,,,,,,,,,,,,,,,,,,,,,,,,,,,,,,,,,,,,,,,,,,,,,
Kakamega,Mumias West,Mumias West PCN,"0.334,34.488",AMREF,pending_gazettement ,,,,,,,,,,,,,,,,,,,,,,,,,,,,,,,,,,,,,,,,,,,,,,,,,,,,,,,,,,,,,,,,,,,,,,,,,,,,,,,,,,,,,,,,,,,,,,,,,,,,,,,,,,
Kakamega,Matungu,Matungu PCN,"0.395,34.465",AMREF,pending_gazettement ,,,,,,,,,,,,,,,,,,,,,,,,,,,,,,,,,,,,,,,,,,,,,,,,,,,,,,,,,,,,,,,,,,,,,,,,,,,,,,,,,,,,,,,,,,,,,,,,,,,,,,,,,,
Kakamega,Ikolomani,Ikolomani PCN,"0.215,34.752",AMREF,pending_gazettement ,,,,,,,,,,,,,,,,,,,,,,,,,,,,,,,,,,,,,,,,,,,,,,,,,,,,,,,,,,,,,,,,,,,,,,,,,,,,,,,,,,,,,,,,,,,,,,,,,,,,,,,,,,
Kakamega,Khwisero,Khwisero PCN,"0.254,34.651",AMREF,pending_gazettement ,,,,,,,,,,,,,,,,,,,,,,,,,,,,,,,,,,,,,,,,,,,,,,,,,,,,,,,,,,,,,,,,,,,,,,,,,,,,,,,,,,,,,,,,,,,,,,,,,,,,,,,,,,
Kakamega,Butere,Butere PCN,"0.207,34.489",AMREF,pending_gazettement ,,,,,,,,,,,,,,,,,,,,,,,,,,,,,,,,,,,,,,,,,,,,,,,,,,,,,,,,,,,,,,,,,,,,,,,,,,,,,,,,,,,,,,,,,,,,,,,,,,,,,,,,,,
Kakamega,Malava,Malava PCN,"0.44,34.859",AMREF,pending_gazettement ,,,,,,,,,,,,,,,,,,,,,,,,,,,,,,,,,,,,,,,,,,,,,,,,,,,,,,,,,,,,,,,,,,,,,,,,,,,,,,,,,,,,,,,,,,,,,,,,,,,,,,,,,,
Kakamega,Lurambi,Lurambi PCN,"0.2845,34.7519",AMREF,pending_gazettement ,,,,,,,,,,,,,,,,,,,,,,,,,,,,,,,,,,,,,,,,,,,,,,,,,,,,,,,,,,,,,,,,,,,,,,,,,,,,,,,,,,,,,,,,,,,,,,,,,,,,,,,,,,
Kakamega,Lugari,Lugari PCN,"0.612,34.903",AMREF,pending_gazettement ,,,,,,,,,,,,,,,,,,,,,,,,,,,,,,,,,,,,,,,,,,,,,,,,,,,,,,,,,,,,,,,,,,,,,,,,,,,,,,,,,,,,,,,,,,,,,,,,,,,,,,,,,,
Kakamega,Likuyani - Main PCN,Likuyani - Main PCN PCN,"0.646,34.933",AMREF,pending_gazettement ,,,,,,,,,,,,,,,,,,,,,,,,,,,,,,,,,,,,,,,,,,,,,,,,,,,,,,,,,,,,,,,,,,,,,,,,,,,,,,,,,,,,,,,,,,,,,,,,,,,,,,,,,,
Kericho,Bureti,Bureti PCN,"-0.589,35.188",AMREF,pending_gazettement ,,,,,,,,,,,,,,,,,,,,,,,,,,,,,,,,,,,,,,,,,,,,,,,,,,,,,,,,,,,,,,,,,,,,,,,,,,,,,,,,,,,,,,,,,,,,,,,,,,,,,,,,,,
Kericho,Kipkelion Wast,Kipkelion Wast PCN,"-0.198,35.47",AMREF,pending_gazettement ,,,,,,,,,,,,,,,,,,,,,,,,,,,,,,,,,,,,,,,,,,,,,,,,,,,,,,,,,,,,,,,,,,,,,,,,,,,,,,,,,,,,,,,,,,,,,,,,,,,,,,,,,,
Kericho,Kipkelion East,Kipkelion East PCN,"-0.167,35.593",AMREF,pending_gazettement ,,,,,,,,,,,,,,,,,,,,,,,,,,,,,,,,,,,,,,,,,,,,,,,,,,,,,,,,,,,,,,,,,,,,,,,,,,,,,,,,,,,,,,,,,,,,,,,,,,,,,,,,,,
Kericho,Belgut,Belgut PCN,"-0.37,35.216",AMREF,pending_gazettement ,,,,,,,,,,,,,,,,,,,,,,,,,,,,,,,,,,,,,,,,,,,,,,,,,,,,,,,,,,,,,,,,,,,,,,,,,,,,,,,,,,,,,,,,,,,,,,,,,,,,,,,,,,
Kericho, Ainamoi, Ainamoi PCN,"-0.367,35.283",AMREF,pending_gazettement ,,,,,,,,,,,,,,,,,,,,,,,,,,,,,,,,,,,,,,,,,,,,,,,,,,,,,,,,,,,,,,,,,,,,,,,,,,,,,,,,,,,,,,,,,,,,,,,,,,,,,,,,,,
Kericho,Soin/ Sigowet,Soin/ Sigowet PCN,"-0.45,35.08",AMREF,pending_gazettement ,,,,,,,,,,,,,,,,,,,,,,,,,,,,,,,,,,,,,,,,,,,,,,,,,,,,,,,,,,,,,,,,,,,,,,,,,,,,,,,,,,,,,,,,,,,,,,,,,,,,,,,,,,
Kiambu,Lari sub-county ,Lari sub-county  PCN,"-0.994,36.664",LVCT & EGPAF (CDC),pending_gazettement ,,,,,,,,,,,,,,,,,,,,,,,,,,,,,,,,,,,,,,,,,,,,,,,,,,,,,,,,,,,,,,,,,,,,,,,,,,,,,,,,,,,,,,,,,,,,,,,,,,,,,,,,,,
Kiambu,Limuru,Limuru PCN,"-1.112,36.642",No Supporting Partner,awaiting_partner_support,,,,,,,,,,,,,,,,,,,,,,,,,,,,,,,,,,,,,,,,,,,,,,,,,,,,,,,,,,,,,,,,,,,,,,,,,,,,,,,,,,,,,,,,,,,,,,,,,,,,,,,,,,
Kiambu,Kikuyu,Kikuyu PCN,"-1.246,36.664",No Supporting Partner,awaiting_partner_support,,,,,,,,,,,,,,,,,,,,,,,,,,,,,,,,,,,,,,,,,,,,,,,,,,,,,,,,,,,,,,,,,,,,,,,,,,,,,,,,,,,,,,,,,,,,,,,,,,,,,,,,,,
Kiambu,Kabete,Kabete PCN,"-1.245,36.737",No Supporting Partner,awaiting_partner_support,,,,,,,,,,,,,,,,,,,,,,,,,,,,,,,,,,,,,,,,,,,,,,,,,,,,,,,,,,,,,,,,,,,,,,,,,,,,,,,,,,,,,,,,,,,,,,,,,,,,,,,,,,
Kiambu,Kiambaa,Kiambaa PCN,"-1.1719,36.8356",No Supporting Partner,awaiting_partner_support,,,,,,,,,,,,,,,,,,,,,,,,,,,,,,,,,,,,,,,,,,,,,,,,,,,,,,,,,,,,,,,,,,,,,,,,,,,,,,,,,,,,,,,,,,,,,,,,,,,,,,,,,,
Kiambu,Githunguri,Githunguri PCN,"-1.058,36.778",No Supporting Partner,awaiting_partner_support,,,,,,,,,,,,,,,,,,,,,,,,,,,,,,,,,,,,,,,,,,,,,,,,,,,,,,,,,,,,,,,,,,,,,,,,,,,,,,,,,,,,,,,,,,,,,,,,,,,,,,,,,,
Kiambu,Gatundu North,Gatundu North PCN,"-0.985,36.939",No Supporting Partner,awaiting_partner_support,,,,,,,,,,,,,,,,,,,,,,,,,,,,,,,,,,,,,,,,,,,,,,,,,,,,,,,,,,,,,,,,,,,,,,,,,,,,,,,,,,,,,,,,,,,,,,,,,,,,,,,,,,
Kiambu,Kiambu Town,Kiambu Town PCN,"-1.1719,36.8356",No Supporting Partner,awaiting_partner_support,,,,,,,,,,,,,,,,,,,,,,,,,,,,,,,,,,,,,,,,,,,,,,,,,,,,,,,,,,,,,,,,,,,,,,,,,,,,,,,,,,,,,,,,,,,,,,,,,,,,,,,,,,
Kiambu,Gatundu South,Gatundu South PCN,"-0.985,36.939",No Supporting Partner,awaiting_partner_support,,,,,,,,,,,,,,,,,,,,,,,,,,,,,,,,,,,,,,,,,,,,,,,,,,,,,,,,,,,,,,,,,,,,,,,,,,,,,,,,,,,,,,,,,,,,,,,,,,,,,,,,,,
Kiambu,Ruiru,Ruiru PCN,"-1.148,36.958",No Supporting Partner,awaiting_partner_support,,,,,,,,,,,,,,,,,,,,,,,,,,,,,,,,,,,,,,,,,,,,,,,,,,,,,,,,,,,,,,,,,,,,,,,,,,,,,,,,,,,,,,,,,,,,,,,,,,,,,,,,,,
Kiambu,Juja,Juja PCN,"-1.103,37.01",LVCT & EGPAF (CDC),pending_gazettement ,,,,,,,,,,,,,,,,,,,,,,,,,,,,,,,,,,,,,,,,,,,,,,,,,,,,,,,,,,,,,,,,,,,,,,,,,,,,,,,,,,,,,,,,,,,,,,,,,,,,,,,,,,
Kiambu,Thika Town,Thika Town PCN,"-1.0333,37.0693",No Supporting Partner,awaiting_partner_support,,,,,,,,,,,,,,,,,,,,,,,,,,,,,,,,,,,,,,,,,,,,,,,,,,,,,,,,,,,,,,,,,,,,,,,,,,,,,,,,,,,,,,,,,,,,,,,,,,,,,,,,,,
Kilifi,Rabai,Rabai PCN,"-3.912,39.58",UNICEF,pending_gazettement ,,,,,,,,,,,,,,,,,,,,,,,,,,,,,,,,,,,,,,,,,,,,,,,,,,,,,,,,,,,,,,,,,,,,,,,,,,,,,,,,,,,,,,,,,,,,,,,,,,,,,,,,,,
Kilifi,Kaloleni,Kaloleni PCN,"-3.843,39.533",UNICEF,pending_gazettement ,,,,,,,,,,,,,,,,,,,,,,,,,,,,,,,,,,,,,,,,,,,,,,,,,,,,,,,,,,,,,,,,,,,,,,,,,,,,,,,,,,,,,,,,,,,,,,,,,,,,,,,,,,
Kilifi,Kilifi south,Kilifi south PCN,"-3.95,39.74",UNICEF,pending_gazettement ,,,,,,,,,,,,,,,,,,,,,,,,,,,,,,,,,,,,,,,,,,,,,,,,,,,,,,,,,,,,,,,,,,,,,,,,,,,,,,,,,,,,,,,,,,,,,,,,,,,,,,,,,,
Kilifi,Ganze,Ganze PCN,"-3.417,39.475",USAID Stawisha Pwani,pending_gazettement ,,,,,,,,,,,,,,,,,,,,,,,,,,,,,,,,,,,,,,,,,,,,,,,,,,,,,,,,,,,,,,,,,,,,,,,,,,,,,,,,,,,,,,,,,,,,,,,,,,,,,,,,,,
Kilifi,Malindi,Malindi PCN,"-3.2192,40.1169",USAID Stawisha Pwani,pending_gazettement ,,,,,,,,,,,,,,,,,,,,,,,,,,,,,,,,,,,,,,,,,,,,,,,,,,,,,,,,,,,,,,,,,,,,,,,,,,,,,,,,,,,,,,,,,,,,,,,,,,,,,,,,,,
Kilifi,Magarini,Magarini PCN,"-3.276,40.061",UNICEF,pending_gazettement ,,,,,,,,,,,,,,,,,,,,,,,,,,,,,,,,,,,,,,,,,,,,,,,,,,,,,,,,,,,,,,,,,,,,,,,,,,,,,,,,,,,,,,,,,,,,,,,,,,,,,,,,,,
Kilifi,Kilifi North,Kilifi North PCN,"-3.6305,39.8499","Kilifi county, USAID Tujitegemee and Uzazi Salama ",pending_gazettement ,,,,,,,,,,,,,,,,,,,,,,,,,,,,,,,,,,,,,,,,,,,,,,,,,,,,,,,,,,,,,,,,,,,,,,,,,,,,,,,,,,,,,,,,,,,,,,,,,,,,,,,,,,
Kirinyaga,Mwea East/Kirinyaga South,Mwea East/Kirinyaga South PCN,"-0.674,37.382",LVCT (CDC),pending_gazettement ,,,,,,,,,,,,,,,,,,,,,,,,,,,,,,,,,,,,,,,,,,,,,,,,,,,,,,,,,,,,,,,,,,,,,,,,,,,,,,,,,,,,,,,,,,,,,,,,,,,,,,,,,,
Kirinyaga,Mwea West/ Kirinyaga North,Mwea West/ Kirinyaga North PCN,"-0.498,37.28",County support,pending_gazettement ,,,,,,,,,,,,,,,,,,,,,,,,,,,,,,,,,,,,,,,,,,,,,,,,,,,,,,,,,,,,,,,,,,,,,,,,,,,,,,,,,,,,,,,,,,,,,,,,,,,,,,,,,,
Kirinyaga,Kirinyaga East,Kirinyaga East PCN,"-0.475,37.315",GoK,pending_gazettement ,,,,,,,,,,,,,,,,,,,,,,,,,,,,,,,,,,,,,,,,,,,,,,,,,,,,,,,,,,,,,,,,,,,,,,,,,,,,,,,,,,,,,,,,,,,,,,,,,,,,,,,,,,
Kirinyaga,Kirinyaga West,Kirinyaga West PCN,"-0.587,37.302",GoK,pending_gazettement ,,,,,,,,,,,,,,,,,,,,,,,,,,,,,,,,,,,,,,,,,,,,,,,,,,,,,,,,,,,,,,,,,,,,,,,,,,,,,,,,,,,,,,,,,,,,,,,,,,,,,,,,,,
Kirinyaga,Kirinyaga Central,Kirinyaga Central PCN,"-0.498,37.28",GoK,pending_gazettement ,,,,,,,,,,,,,,,,,,,,,,,,,,,,,,,,,,,,,,,,,,,,,,,,,,,,,,,,,,,,,,,,,,,,,,,,,,,,,,,,,,,,,,,,,,,,,,,,,,,,,,,,,,
Kisii,Nyaribari Chache,Nyaribari Chache PCN,"0.6773,34.7796",AMREF,pending_gazettement ,,,,,,,,,,,,,,,,,,,,,,,,,,,,,,,,,,,,,,,,,,,,,,,,,,,,,,,,,,,,,,,,,,,,,,,,,,,,,,,,,,,,,,,,,,,,,,,,,,,,,,,,,,
Kisii,Bomachoge borabu,Bomachoge borabu PCN,"0.7930,34.735",AMREF,pending_gazettement ,,,,,,,,,,,,,,,,,,,,,,,,,,,,,,,,,,,,,,,,,,,,,,,,,,,,,,,,,,,,,,,,,,,,,,,,,,,,,,,,,,,,,,,,,,,,,,,,,,,,,,,,,,
Kisii,Bobasi,Bobasi PCN,"0.9300,34.72",AMREF,pending_gazettement ,,,,,,,,,,,,,,,,,,,,,,,,,,,,,,,,,,,,,,,,,,,,,,,,,,,,,,,,,,,,,,,,,,,,,,,,,,,,,,,,,,,,,,,,,,,,,,,,,,,,,,,,,,
Kisii,Nyaribari Masaba,Nyaribari Masaba PCN,"0.7080,34.707",AMREF,pending_gazettement ,,,,,,,,,,,,,,,,,,,,,,,,,,,,,,,,,,,,,,,,,,,,,,,,,,,,,,,,,,,,,,,,,,,,,,,,,,,,,,,,,,,,,,,,,,,,,,,,,,,,,,,,,,
Kisii,Bonchari,Bonchari PCN,"0.8010,34.723",AMREF,pending_gazettement ,,,,,,,,,,,,,,,,,,,,,,,,,,,,,,,,,,,,,,,,,,,,,,,,,,,,,,,,,,,,,,,,,,,,,,,,,,,,,,,,,,,,,,,,,,,,,,,,,,,,,,,,,,
Kisii,South Mugirango,South Mugirango PCN,"0.5630,34.934",AMREF,pending_gazettement ,,,,,,,,,,,,,,,,,,,,,,,,,,,,,,,,,,,,,,,,,,,,,,,,,,,,,,,,,,,,,,,,,,,,,,,,,,,,,,,,,,,,,,,,,,,,,,,,,,,,,,,,,,
Kisii,Kitutu Chache North,Kitutu Chache North PCN,"0.6773,34.7796",AMREF,pending_gazettement ,,,,,,,,,,,,,,,,,,,,,,,,,,,,,,,,,,,,,,,,,,,,,,,,,,,,,,,,,,,,,,,,,,,,,,,,,,,,,,,,,,,,,,,,,,,,,,,,,,,,,,,,,,
Kisii,Kitutu Chache South,Kitutu Chache South PCN,"0.6773,34.7796",AMREF,pending_gazettement ,,,,,,,,,,,,,,,,,,,,,,,,,,,,,,,,,,,,,,,,,,,,,,,,,,,,,,,,,,,,,,,,,,,,,,,,,,,,,,,,,,,,,,,,,,,,,,,,,,,,,,,,,,
Kisii,Bomachoge Chache,Bomachoge Chache PCN,"0.8460,34.739",AMREF,pending_gazettement ,,,,,,,,,,,,,,,,,,,,,,,,,,,,,,,,,,,,,,,,,,,,,,,,,,,,,,,,,,,,,,,,,,,,,,,,,,,,,,,,,,,,,,,,,,,,,,,,,,,,,,,,,,
Kisumu,Nyando ,Nyando  PCN,"0.1740,34.916",UNICEF,gazetted,,,,,,,,,,,,,,,,,,,,,,,,,,,,,,,,,,,,,,,,,,,,,,,,,,,,,,,,,,,,,,,,,,,,,,,,,,,,,,,,,,,,,,,,,,,,,,,,,,,,,,,,,,
Kisumu,Muhoroni ,Muhoroni  PCN,"0.1530,35.191",UNICEF,gazetted,,,,,,,,,,,,,,,,,,,,,,,,,,,,,,,,,,,,,,,,,,,,,,,,,,,,,,,,,,,,,,,,,,,,,,,,,,,,,,,,,,,,,,,,,,,,,,,,,,,,,,,,,,
Kisumu,Seme ,Seme  PCN,"0.0940,34.514",UNICEF,gazetted,,,,,,,,,,,,,,,,,,,,,,,,,,,,,,,,,,,,,,,,,,,,,,,,,,,,,,,,,,,,,,,,,,,,,,,,,,,,,,,,,,,,,,,,,,,,,,,,,,,,,,,,,,
Kisumu,Nyakach ,Nyakach  PCN,"0.3890,34.875",UNICEF,gazetted,,,,,,,,,,,,,,,,,,,,,,,,,,,,,,,,,,,,,,,,,,,,,,,,,,,,,,,,,,,,,,,,,,,,,,,,,,,,,,,,,,,,,,,,,,,,,,,,,,,,,,,,,,
Kisumu,Kisumu East ,Kisumu East  PCN,"0.1020,34.767",UNICEF,gazetted,,,,,,,,,,,,,,,,,,,,,,,,,,,,,,,,,,,,,,,,,,,,,,,,,,,,,,,,,,,,,,,,,,,,,,,,,,,,,,,,,,,,,,,,,,,,,,,,,,,,,,,,,,
Kisumu,Kisumu West,Kisumu West PCN,"0.0070,34.602",UNICEF,gazetted,,,,,,,,,,,,,,,,,,,,,,,,,,,,,,,,,,,,,,,,,,,,,,,,,,,,,,,,,,,,,,,,,,,,,,,,,,,,,,,,,,,,,,,,,,,,,,,,,,,,,,,,,,
Kisumu,Kisumu Central,Kisumu Central PCN,"0.1022,34.7617",UNICEF,gazetted,,,,,,,,,,,,,,,,,,,,,,,,,,,,,,,,,,,,,,,,,,,,,,,,,,,,,,,,,,,,,,,,,,,,,,,,,,,,,,,,,,,,,,,,,,,,,,,,,,,,,,,,,,
Kitui,Mwingi West,Mwingi West PCN,"0.9360,38.061",PATH & Wellness,pending_gazettement ,,,,,,,,,,,,,,,,,,,,,,,,,,,,,,,,,,,,,,,,,,,,,,,,,,,,,,,,,,,,,,,,,,,,,,,,,,,,,,,,,,,,,,,,,,,,,,,,,,,,,,,,,,
Kitui,Kitui West,Kitui West PCN,"1.3220,38.018",RMNCAH Project,pending_gazettement ,,,,,,,,,,,,,,,,,,,,,,,,,,,,,,,,,,,,,,,,,,,,,,,,,,,,,,,,,,,,,,,,,,,,,,,,,,,,,,,,,,,,,,,,,,,,,,,,,,,,,,,,,,
Kitui,Kitui East,Kitui East PCN,"1.8410,38.208",No Supporting Partner,awaiting_partner_support,,,,,,,,,,,,,,,,,,,,,,,,,,,,,,,,,,,,,,,,,,,,,,,,,,,,,,,,,,,,,,,,,,,,,,,,,,,,,,,,,,,,,,,,,,,,,,,,,,,,,,,,,,
Kitui,Kitui Central,Kitui Central PCN,"1.3669,38.0106",CIHEB (CDC),pending_gazettement ,,,,,,,,,,,,,,,,,,,,,,,,,,,,,,,,,,,,,,,,,,,,,,,,,,,,,,,,,,,,,,,,,,,,,,,,,,,,,,,,,,,,,,,,,,,,,,,,,,,,,,,,,,
Kitui,Kitui Rural,Kitui Rural PCN,"1.3669,38.0106",No Supporting Partner,awaiting_partner_support,,,,,,,,,,,,,,,,,,,,,,,,,,,,,,,,,,,,,,,,,,,,,,,,,,,,,,,,,,,,,,,,,,,,,,,,,,,,,,,,,,,,,,,,,,,,,,,,,,,,,,,,,,
Kitui,Kitui South,Kitui South PCN,"2.0370,38.165",CMMB,pending_gazettement ,,,,,,,,,,,,,,,,,,,,,,,,,,,,,,,,,,,,,,,,,,,,,,,,,,,,,,,,,,,,,,,,,,,,,,,,,,,,,,,,,,,,,,,,,,,,,,,,,,,,,,,,,,
Kitui,Mwingi North,Mwingi North PCN,"0.5170,38.287",CMMB,pending_gazettement ,,,,,,,,,,,,,,,,,,,,,,,,,,,,,,,,,,,,,,,,,,,,,,,,,,,,,,,,,,,,,,,,,,,,,,,,,,,,,,,,,,,,,,,,,,,,,,,,,,,,,,,,,,
Kitui,Mwingi Central,Mwingi Central PCN,"0.9370,38.059",No Supporting Partner,awaiting_partner_support,,,,,,,,,,,,,,,,,,,,,,,,,,,,,,,,,,,,,,,,,,,,,,,,,,,,,,,,,,,,,,,,,,,,,,,,,,,,,,,,,,,,,,,,,,,,,,,,,,,,,,,,,,
Kwale ,Lunga Lunga,Lunga Lunga PCN,"4.5650,39.122",AMREF (J&J Elma),gazetted,,,,,,,,,,,,,,,,,,,,,,,,,,,,,,,,,,,,,,,,,,,,,,,,,,,,,,,,,,,,,,,,,,,,,,,,,,,,,,,,,,,,,,,,,,,,,,,,,,,,,,,,,,
Kwale ,Kinango,Kinango PCN,"4.1370,39.328",GoK,gazetted,,,,,,,,,,,,,,,,,,,,,,,,,,,,,,,,,,,,,,,,,,,,,,,,,,,,,,,,,,,,,,,,,,,,,,,,,,,,,,,,,,,,,,,,,,,,,,,,,,,,,,,,,,
Kwale ,Msambweni,Msambweni PCN,"4.4680,39.474",GoK,gazetted,,,,,,,,,,,,,,,,,,,,,,,,,,,,,,,,,,,,,,,,,,,,,,,,,,,,,,,,,,,,,,,,,,,,,,,,,,,,,,,,,,,,,,,,,,,,,,,,,,,,,,,,,,
Kwale ,Matuga,Matuga PCN,"4.1730,39.451",GoK,gazetted,,,,,,,,,,,,,,,,,,,,,,,,,,,,,,,,,,,,,,,,,,,,,,,,,,,,,,,,,,,,,,,,,,,,,,,,,,,,,,,,,,,,,,,,,,,,,,,,,,,,,,,,,,
Kwale ,Samburu ,Samburu  PCN,"4.2980,39.318",RMNCAH Project,pending_gazettement ,,,,,,,,,,,,,,,,,,,,,,,,,,,,,,,,,,,,,,,,,,,,,,,,,,,,,,,,,,,,,,,,,,,,,,,,,,,,,,,,,,,,,,,,,,,,,,,,,,,,,,,,,,
Laikipia,Laikipia West,Laikipia West PCN,"0.273,36.538",Tujenge Jamii (USAID),pending_gazettement ,,,,,,,,,,,,,,,,,,,,,,,,,,,,,,,,,,,,,,,,,,,,,,,,,,,,,,,,,,,,,,,,,,,,,,,,,,,,,,,,,,,,,,,,,,,,,,,,,,,,,,,,,,
Laikipia,Laikipia East,Laikipia East PCN,"0.02,37.072",Tujenge Jamii (USAID),pending_gazettement ,,,,,,,,,,,,,,,,,,,,,,,,,,,,,,,,,,,,,,,,,,,,,,,,,,,,,,,,,,,,,,,,,,,,,,,,,,,,,,,,,,,,,,,,,,,,,,,,,,,,,,,,,,
Laikipia,Laikipia North,Laikipia North PCN,"0.251,36.884",Tujenge Jamii (USAID),pending_gazettement ,,,,,,,,,,,,,,,,,,,,,,,,,,,,,,,,,,,,,,,,,,,,,,,,,,,,,,,,,,,,,,,,,,,,,,,,,,,,,,,,,,,,,,,,,,,,,,,,,,,,,,,,,,
Lamu ,Lamu East ,Lamu East  PCN,"2.0580,41.109",USAID Stawisha pwani,pending_gazettement ,,,,,,,,,,,,,,,,,,,,,,,,,,,,,,,,,,,,,,,,,,,,,,,,,,,,,,,,,,,,,,,,,,,,,,,,,,,,,,,,,,,,,,,,,,,,,,,,,,,,,,,,,,
Lamu ,Lamu West,Lamu West PCN,"2.3900,40.687",USAID Stawisha pwani,pending_gazettement ,,,,,,,,,,,,,,,,,,,,,,,,,,,,,,,,,,,,,,,,,,,,,,,,,,,,,,,,,,,,,,,,,,,,,,,,,,,,,,,,,,,,,,,,,,,,,,,,,,,,,,,,,,
Lamu ,Lamu Central,Lamu Central PCN,"2.2717,40.902",USAID Stawisha pwani,pending_gazettement ,,,,,,,,,,,,,,,,,,,,,,,,,,,,,,,,,,,,,,,,,,,,,,,,,,,,,,,,,,,,,,,,,,,,,,,,,,,,,,,,,,,,,,,,,,,,,,,,,,,,,,,,,,
Machakos,Kangundo,Kangundo PCN,"1.3040,37.35",PATH,pending_gazettement ,,,,,,,,,,,,,,,,,,,,,,,,,,,,,,,,,,,,,,,,,,,,,,,,,,,,,,,,,,,,,,,,,,,,,,,,,,,,,,,,,,,,,,,,,,,,,,,,,,,,,,,,,,
Machakos,Kathiani,Kathiani PCN,"1.3660,37.383",CIHEB,pending_gazettement ,,,,,,,,,,,,,,,,,,,,,,,,,,,,,,,,,,,,,,,,,,,,,,,,,,,,,,,,,,,,,,,,,,,,,,,,,,,,,,,,,,,,,,,,,,,,,,,,,,,,,,,,,,
Machakos,Machakos Town,Machakos Town PCN,"1.5177,37.2634",RMNCAH Project,pending_gazettement ,,,,,,,,,,,,,,,,,,,,,,,,,,,,,,,,,,,,,,,,,,,,,,,,,,,,,,,,,,,,,,,,,,,,,,,,,,,,,,,,,,,,,,,,,,,,,,,,,,,,,,,,,,
Machakos,Athi River,Athi River PCN,"1.4560,36.979",RMNCAH Project,pending_gazettement ,,,,,,,,,,,,,,,,,,,,,,,,,,,,,,,,,,,,,,,,,,,,,,,,,,,,,,,,,,,,,,,,,,,,,,,,,,,,,,,,,,,,,,,,,,,,,,,,,,,,,,,,,,
Machakos,Masinga,Masinga PCN,"0.9320,37.416",RMNCAH Project,pending_gazettement ,,,,,,,,,,,,,,,,,,,,,,,,,,,,,,,,,,,,,,,,,,,,,,,,,,,,,,,,,,,,,,,,,,,,,,,,,,,,,,,,,,,,,,,,,,,,,,,,,,,,,,,,,,
Machakos,Kalama,Kalama PCN,"1.4650,37.468",RMNCAH Project,pending_gazettement ,,,,,,,,,,,,,,,,,,,,,,,,,,,,,,,,,,,,,,,,,,,,,,,,,,,,,,,,,,,,,,,,,,,,,,,,,,,,,,,,,,,,,,,,,,,,,,,,,,,,,,,,,,
Machakos,Yatta,Yatta PCN,"1.1670,37.539",No Supporting Partner,pending_gazettement ,,,,,,,,,,,,,,,,,,,,,,,,,,,,,,,,,,,,,,,,,,,,,,,,,,,,,,,,,,,,,,,,,,,,,,,,,,,,,,,,,,,,,,,,,,,,,,,,,,,,,,,,,,
Machakos,Matungulu,Matungulu PCN,"1.2720,37.348",No Supporting Partner,pending_gazettement ,,,,,,,,,,,,,,,,,,,,,,,,,,,,,,,,,,,,,,,,,,,,,,,,,,,,,,,,,,,,,,,,,,,,,,,,,,,,,,,,,,,,,,,,,,,,,,,,,,,,,,,,,,
Machakos,Mwala,Mwala PCN,"1.3890,37.458",RMNCAH Project,pending_gazettement ,,,,,,,,,,,,,,,,,,,,,,,,,,,,,,,,,,,,,,,,,,,,,,,,,,,,,,,,,,,,,,,,,,,,,,,,,,,,,,,,,,,,,,,,,,,,,,,,,,,,,,,,,,
Makueni,Makueni,Makueni PCN,"1.8030,37.628",PATH & CIHEB,pending_gazettement ,,,,,,,,,,,,,,,,,,,,,,,,,,,,,,,,,,,,,,,,,,,,,,,,,,,,,,,,,,,,,,,,,,,,,,,,,,,,,,,,,,,,,,,,,,,,,,,,,,,,,,,,,,
Makueni,Kilome,Kilome PCN,"2.2800,37.424",PATH & CIHEB,pending_gazettement ,,,,,,,,,,,,,,,,,,,,,,,,,,,,,,,,,,,,,,,,,,,,,,,,,,,,,,,,,,,,,,,,,,,,,,,,,,,,,,,,,,,,,,,,,,,,,,,,,,,,,,,,,,
Makueni,Kibwezi East,Kibwezi East PCN,"2.4180,37.967","PATH & CIHEB, ThinkWell & JHPIEGO",pending_gazettement ,,,,,,,,,,,,,,,,,,,,,,,,,,,,,,,,,,,,,,,,,,,,,,,,,,,,,,,,,,,,,,,,,,,,,,,,,,,,,,,,,,,,,,,,,,,,,,,,,,,,,,,,,,
Makueni,Kibwezi West,Kibwezi West PCN,"2.2880,37.826",PATH & CIHEB,pending_gazettement ,,,,,,,,,,,,,,,,,,,,,,,,,,,,,,,,,,,,,,,,,,,,,,,,,,,,,,,,,,,,,,,,,,,,,,,,,,,,,,,,,,,,,,,,,,,,,,,,,,,,,,,,,,
Mandera,Mandera West,Mandera West PCN,"3.423,40.221","PATH & CIHEB, ThinkWell & JHPIEGO",pending_gazettement ,,,,,,,,,,,,,,,,,,,,,,,,,,,,,,,,,,,,,,,,,,,,,,,,,,,,,,,,,,,,,,,,,,,,,,,,,,,,,,,,,,,,,,,,,,,,,,,,,,,,,,,,,,
Mandera,Banissa,Banissa PCN,"3.944,41.032",PATH & CIHEB,pending_gazettement ,,,,,,,,,,,,,,,,,,,,,,,,,,,,,,,,,,,,,,,,,,,,,,,,,,,,,,,,,,,,,,,,,,,,,,,,,,,,,,,,,,,,,,,,,,,,,,,,,,,,,,,,,,
Mandera,Kutulo,Kutulo PCN,"2.802,40.929",UNICEF (USAID),pending_gazettement ,,,,,,,,,,,,,,,,,,,,,,,,,,,,,,,,,,,,,,,,,,,,,,,,,,,,,,,,,,,,,,,,,,,,,,,,,,,,,,,,,,,,,,,,,,,,,,,,,,,,,,,,,,
Mandera,Lafey,Lafey PCN,"3.15,41.182",RMNCAH Project,pending_gazettement ,,,,,,,,,,,,,,,,,,,,,,,,,,,,,,,,,,,,,,,,,,,,,,,,,,,,,,,,,,,,,,,,,,,,,,,,,,,,,,,,,,,,,,,,,,,,,,,,,,,,,,,,,,
Mandera,Arabia,Arabia PCN,"3.605,40.725",RMNCAH Project,pending_gazettement ,,,,,,,,,,,,,,,,,,,,,,,,,,,,,,,,,,,,,,,,,,,,,,,,,,,,,,,,,,,,,,,,,,,,,,,,,,,,,,,,,,,,,,,,,,,,,,,,,,,,,,,,,,
Mandera,Kiliwehiri,Kiliwehiri PCN,"3.937,41.228",RMNCAH Project,pending_gazettement ,,,,,,,,,,,,,,,,,,,,,,,,,,,,,,,,,,,,,,,,,,,,,,,,,,,,,,,,,,,,,,,,,,,,,,,,,,,,,,,,,,,,,,,,,,,,,,,,,,,,,,,,,,
Mandera,Mandera South,Mandera South PCN,"2.802,40.929",RMNCAH Project,pending_gazettement ,,,,,,,,,,,,,,,,,,,,,,,,,,,,,,,,,,,,,,,,,,,,,,,,,,,,,,,,,,,,,,,,,,,,,,,,,,,,,,,,,,,,,,,,,,,,,,,,,,,,,,,,,,
Mandera,Mandera East,Mandera East PCN,"3.938,41.856",RMNCAH Project,pending_gazettement ,,,,,,,,,,,,,,,,,,,,,,,,,,,,,,,,,,,,,,,,,,,,,,,,,,,,,,,,,,,,,,,,,,,,,,,,,,,,,,,,,,,,,,,,,,,,,,,,,,,,,,,,,,
Mandera,Mandera North,Mandera North PCN,"3.937,41.228",UNICEF (USAID),pending_gazettement ,,,,,,,,,,,,,,,,,,,,,,,,,,,,,,,,,,,,,,,,,,,,,,,,,,,,,,,,,,,,,,,,,,,,,,,,,,,,,,,,,,,,,,,,,,,,,,,,,,,,,,,,,,
Marsabit,Saku,Saku PCN,"2.334,37.99",UNICEF (USAID),pending_gazettement ,,,,,,,,,,,,,,,,,,,,,,,,,,,,,,,,,,,,,,,,,,,,,,,,,,,,,,,,,,,,,,,,,,,,,,,,,,,,,,,,,,,,,,,,,,,,,,,,,,,,,,,,,,
Marsabit,Moyale,Moyale PCN,"3.526,39.058",RMNCAH Project,pending_gazettement ,,,,,,,,,,,,,,,,,,,,,,,,,,,,,,,,,,,,,,,,,,,,,,,,,,,,,,,,,,,,,,,,,,,,,,,,,,,,,,,,,,,,,,,,,,,,,,,,,,,,,,,,,,
Marsabit,North Horr,North Horr PCN,"3.374,37.878",WHO,awaiting_partner_support,,,,,,,,,,,,,,,,,,,,,,,,,,,,,,,,,,,,,,,,,,,,,,,,,,,,,,,,,,,,,,,,,,,,,,,,,,,,,,,,,,,,,,,,,,,,,,,,,,,,,,,,,,
Marsabit,Laisamis,Laisamis PCN,"1.573,37.808",WHO,awaiting_partner_support,,,,,,,,,,,,,,,,,,,,,,,,,,,,,,,,,,,,,,,,,,,,,,,,,,,,,,,,,,,,,,,,,,,,,,,,,,,,,,,,,,,,,,,,,,,,,,,,,,,,,,,,,,
Meru,Buuri East,Buuri East PCN,"0.073,37.241",No Supporting Partner,awaiting_partner_support,,,,,,,,,,,,,,,,,,,,,,,,,,,,,,,,,,,,,,,,,,,,,,,,,,,,,,,,,,,,,,,,,,,,,,,,,,,,,,,,,,,,,,,,,,,,,,,,,,,,,,,,,,
Meru,Igembe North,Igembe North PCN,"0.235,37.94",Kenya Red Cross Society,pending_gazettement ,,,,,,,,,,,,,,,,,,,,,,,,,,,,,,,,,,,,,,,,,,,,,,,,,,,,,,,,,,,,,,,,,,,,,,,,,,,,,,,,,,,,,,,,,,,,,,,,,,,,,,,,,,
Meru,Buuri West,Buuri West PCN,"0.1080,37.511",No Supporting Partner,awaiting_partner_support,,,,,,,,,,,,,,,,,,,,,,,,,,,,,,,,,,,,,,,,,,,,,,,,,,,,,,,,,,,,,,,,,,,,,,,,,,,,,,,,,,,,,,,,,,,,,,,,,,,,,,,,,,
Meru,Igembe South,Igembe South PCN,"0.221,37.85",No Supporting Partner,awaiting_partner_support,,,,,,,,,,,,,,,,,,,,,,,,,,,,,,,,,,,,,,,,,,,,,,,,,,,,,,,,,,,,,,,,,,,,,,,,,,,,,,,,,,,,,,,,,,,,,,,,,,,,,,,,,,
Meru,Igembe Central,Igembe Central PCN,"0.307,37.927",No Supporting Partner,awaiting_partner_support,,,,,,,,,,,,,,,,,,,,,,,,,,,,,,,,,,,,,,,,,,,,,,,,,,,,,,,,,,,,,,,,,,,,,,,,,,,,,,,,,,,,,,,,,,,,,,,,,,,,,,,,,,
Meru,Imenti Central,Imenti Central PCN,"0.047,37.655",No Supporting Partner,awaiting_partner_support,,,,,,,,,,,,,,,,,,,,,,,,,,,,,,,,,,,,,,,,,,,,,,,,,,,,,,,,,,,,,,,,,,,,,,,,,,,,,,,,,,,,,,,,,,,,,,,,,,,,,,,,,,
Meru,Imenti North,Imenti North PCN,"0.073,37.241",No Supporting Partner,awaiting_partner_support,,,,,,,,,,,,,,,,,,,,,,,,,,,,,,,,,,,,,,,,,,,,,,,,,,,,,,,,,,,,,,,,,,,,,,,,,,,,,,,,,,,,,,,,,,,,,,,,,,,,,,,,,,
Meru,Imenti South,Imenti South PCN,"0.1310,37.502",Kenya Red Cross Society,pending_gazettement ,,,,,,,,,,,,,,,,,,,,,,,,,,,,,,,,,,,,,,,,,,,,,,,,,,,,,,,,,,,,,,,,,,,,,,,,,,,,,,,,,,,,,,,,,,,,,,,,,,,,,,,,,,
Meru,Tigania East,Tigania East PCN,"0.282,37.745",No Supporting Partner,awaiting_partner_support,,,,,,,,,,,,,,,,,,,,,,,,,,,,,,,,,,,,,,,,,,,,,,,,,,,,,,,,,,,,,,,,,,,,,,,,,,,,,,,,,,,,,,,,,,,,,,,,,,,,,,,,,,
Meru,Tigania central,Tigania central PCN,"0.32,37.693",No Supporting Partner,awaiting_partner_support,,,,,,,,,,,,,,,,,,,,,,,,,,,,,,,,,,,,,,,,,,,,,,,,,,,,,,,,,,,,,,,,,,,,,,,,,,,,,,,,,,,,,,,,,,,,,,,,,,,,,,,,,,
Meru,Tigania West,Tigania West PCN,"0.31,37.64",Kenya Red Cross Society,pending_gazettement ,,,,,,,,,,,,,,,,,,,,,,,,,,,,,,,,,,,,,,,,,,,,,,,,,,,,,,,,,,,,,,,,,,,,,,,,,,,,,,,,,,,,,,,,,,,,,,,,,,,,,,,,,,
Migori,Rongo,Rongo PCN,"-0.751,34.616",Lwala Community Alliance,pending_gazettement ,,,,,,,,,,,,,,,,,,,,,,,,,,,,,,,,,,,,,,,,,,,,,,,,,,,,,,,,,,,,,,,,,,,,,,,,,,,,,,,,,,,,,,,,,,,,,,,,,,,,,,,,,,
Migori,Kuria East,Kuria East PCN,"-1.187,34.628",Lwala Community Alliance,pending_gazettement ,,,,,,,,,,,,,,,,,,,,,,,,,,,,,,,,,,,,,,,,,,,,,,,,,,,,,,,,,,,,,,,,,,,,,,,,,,,,,,,,,,,,,,,,,,,,,,,,,,,,,,,,,,
Migori,Kuria West,Kuria West PCN,"-1.187,34.628",Lwala Community Alliance,pending_gazettement ,,,,,,,,,,,,,,,,,,,,,,,,,,,,,,,,,,,,,,,,,,,,,,,,,,,,,,,,,,,,,,,,,,,,,,,,,,,,,,,,,,,,,,,,,,,,,,,,,,,,,,,,,,
Migori,Nyatike,Nyatike PCN,"-0.387,34.178",Lwala Community Alliance,pending_gazettement ,,,,,,,,,,,,,,,,,,,,,,,,,,,,,,,,,,,,,,,,,,,,,,,,,,,,,,,,,,,,,,,,,,,,,,,,,,,,,,,,,,,,,,,,,,,,,,,,,,,,,,,,,,
Migori,Suna East,Suna East PCN,"-1.063,34.473",Lwala Community Alliance,pending_gazettement ,,,,,,,,,,,,,,,,,,,,,,,,,,,,,,,,,,,,,,,,,,,,,,,,,,,,,,,,,,,,,,,,,,,,,,,,,,,,,,,,,,,,,,,,,,,,,,,,,,,,,,,,,,
Migori,Suna West,Suna West PCN,"-1.063,34.473",CDC,pending_gazettement ,,,,,,,,,,,,,,,,,,,,,,,,,,,,,,,,,,,,,,,,,,,,,,,,,,,,,,,,,,,,,,,,,,,,,,,,,,,,,,,,,,,,,,,,,,,,,,,,,,,,,,,,,,
Migori,Uriri,Uriri PCN,"-0.75,34.43",Lwala Community Alliance,pending_gazettement ,,,,,,,,,,,,,,,,,,,,,,,,,,,,,,,,,,,,,,,,,,,,,,,,,,,,,,,,,,,,,,,,,,,,,,,,,,,,,,,,,,,,,,,,,,,,,,,,,,,,,,,,,,
Migori,Awendo,Awendo PCN,"-0.899,34.559",Lwala Community Alliance,pending_gazettement ,,,,,,,,,,,,,,,,,,,,,,,,,,,,,,,,,,,,,,,,,,,,,,,,,,,,,,,,,,,,,,,,,,,,,,,,,,,,,,,,,,,,,,,,,,,,,,,,,,,,,,,,,,
Mombasa,Changamwe,Changamwe PCN,"-4.03,39.62","USAID Stawisha Pwani, USAID Tujitegemee, BOMU & AHF",pending_gazettement ,,,,,,,,,,,,,,,,,,,,,,,,,,,,,,,,,,,,,,,,,,,,,,,,,,,,,,,,,,,,,,,,,,,,,,,,,,,,,,,,,,,,,,,,,,,,,,,,,,,,,,,,,,
Mombasa,Jomvu,Jomvu PCN,"-4.05,39.64",Kenya Red Cross Society,pending_gazettement ,,,,,,,,,,,,,,,,,,,,,,,,,,,,,,,,,,,,,,,,,,,,,,,,,,,,,,,,,,,,,,,,,,,,,,,,,,,,,,,,,,,,,,,,,,,,,,,,,,,,,,,,,,
Mombasa,Kisauni,Kisauni PCN,"-3.99,39.65",Kenya Red Cross Society,pending_gazettement ,,,,,,,,,,,,,,,,,,,,,,,,,,,,,,,,,,,,,,,,,,,,,,,,,,,,,,,,,,,,,,,,,,,,,,,,,,,,,,,,,,,,,,,,,,,,,,,,,,,,,,,,,,
Mombasa,Likoni,Likoni PCN,"-4.09,39.66","USAID Stawisha Pwani, USAID Tujitegemee, BOMU & AHF",pending_gazettement ,,,,,,,,,,,,,,,,,,,,,,,,,,,,,,,,,,,,,,,,,,,,,,,,,,,,,,,,,,,,,,,,,,,,,,,,,,,,,,,,,,,,,,,,,,,,,,,,,,,,,,,,,,
Mombasa,Mvita,Mvita PCN,"-4.0435,39.6682",Kenya Red Cross Society,pending_gazettement ,,,,,,,,,,,,,,,,,,,,,,,,,,,,,,,,,,,,,,,,,,,,,,,,,,,,,,,,,,,,,,,,,,,,,,,,,,,,,,,,,,,,,,,,,,,,,,,,,,,,,,,,,,
Mombasa,Nyali,Nyali PCN,"-4.026,39.707",Kenya Red Cross Society,pending_gazettement ,,,,,,,,,,,,,,,,,,,,,,,,,,,,,,,,,,,,,,,,,,,,,,,,,,,,,,,,,,,,,,,,,,,,,,,,,,,,,,,,,,,,,,,,,,,,,,,,,,,,,,,,,,
Murang'a,Kiharu,Kiharu PCN,"-0.721,37.152",AMREF,pending_gazettement ,,,,,,,,,,,,,,,,,,,,,,,,,,,,,,,,,,,,,,,,,,,,,,,,,,,,,,,,,,,,,,,,,,,,,,,,,,,,,,,,,,,,,,,,,,,,,,,,,,,,,,,,,,
Murang'a,Gatanga,Gatanga PCN,"-0.874,36.915",AMREF,pending_gazettement ,,,,,,,,,,,,,,,,,,,,,,,,,,,,,,,,,,,,,,,,,,,,,,,,,,,,,,,,,,,,,,,,,,,,,,,,,,,,,,,,,,,,,,,,,,,,,,,,,,,,,,,,,,
Murang'a,Kahuro,Kahuro PCN,"-0.678,36.98",AMREF,sub_county_not_gazetted_PCN_established,,,,,,,,,,,,,,,,,,,,,,,,,,,,,,,,,,,,,,,,,,,,,,,,,,,,,,,,,,,,,,,,,,,,,,,,,,,,,,,,,,,,,,,,,,,,,,,,,,,,,,,,,,
Murang'a,Kandara,Kandara PCN,"-0.93,37.05",AMREF,pending_gazettement ,,,,,,,,,,,,,,,,,,,,,,,,,,,,,,,,,,,,,,,,,,,,,,,,,,,,,,,,,,,,,,,,,,,,,,,,,,,,,,,,,,,,,,,,,,,,,,,,,,,,,,,,,,
Murang'a,Mathioya,Mathioya PCN,"-0.73,36.89",AMREF,pending_gazettement ,,,,,,,,,,,,,,,,,,,,,,,,,,,,,,,,,,,,,,,,,,,,,,,,,,,,,,,,,,,,,,,,,,,,,,,,,,,,,,,,,,,,,,,,,,,,,,,,,,,,,,,,,,
Murang'a,Kigumo,Kigumo PCN,"-0.755,36.95",AMREF,pending_gazettement ,,,,,,,,,,,,,,,,,,,,,,,,,,,,,,,,,,,,,,,,,,,,,,,,,,,,,,,,,,,,,,,,,,,,,,,,,,,,,,,,,,,,,,,,,,,,,,,,,,,,,,,,,,
Murang'a,Kangema,Kangema PCN,"-0.678,36.98",AMREF,pending_gazettement ,,,,,,,,,,,,,,,,,,,,,,,,,,,,,,,,,,,,,,,,,,,,,,,,,,,,,,,,,,,,,,,,,,,,,,,,,,,,,,,,,,,,,,,,,,,,,,,,,,,,,,,,,,
Murang'a,Ithanga,Ithanga PCN,"-0.964,37.094",AMREF,sub_county_not_gazetted_PCN_established,,,,,,,,,,,,,,,,,,,,,,,,,,,,,,,,,,,,,,,,,,,,,,,,,,,,,,,,,,,,,,,,,,,,,,,,,,,,,,,,,,,,,,,,,,,,,,,,,,,,,,,,,,
Murang'a,Murang'a South ,Murang'a South  PCN,"-0.678,36.98",AMREF,pending_gazettement ,,,,,,,,,,,,,,,,,,,,,,,,,,,,,,,,,,,,,,,,,,,,,,,,,,,,,,,,,,,,,,,,,,,,,,,,,,,,,,,,,,,,,,,,,,,,,,,,,,,,,,,,,,
Nairobi,Makadara,Makadara PCN,"-1.296,36.885","UNICEF, CIHEB & ThinkWell",gazetted,,,,,,,,,,,,,,,,,,,,,,,,,,,,,,,,,,,,,,,,,,,,,,,,,,,,,,,,,,,,,,,,,,,,,,,,,,,,,,,,,,,,,,,,,,,,,,,,,,,,,,,,,,
Nairobi,Dagoreti South,Dagoreti South PCN,"-1.276,36.706",No Supporting Partner,awaiting_partner_support,,,,,,,,,,,,,,,,,,,,,,,,,,,,,,,,,,,,,,,,,,,,,,,,,,,,,,,,,,,,,,,,,,,,,,,,,,,,,,,,,,,,,,,,,,,,,,,,,,,,,,,,,,
Nairobi,Embakasi Central,Embakasi Central PCN,"-1.272,36.9",UNICEF,gazetted,,,,,,,,,,,,,,,,,,,,,,,,,,,,,,,,,,,,,,,,,,,,,,,,,,,,,,,,,,,,,,,,,,,,,,,,,,,,,,,,,,,,,,,,,,,,,,,,,,,,,,,,,,
Nairobi,Embakasi North,Embakasi North PCN,"-1.256,36.873",UNICEF,pending_gazettement ,,,,,,,,,,,,,,,,,,,,,,,,,,,,,,,,,,,,,,,,,,,,,,,,,,,,,,,,,,,,,,,,,,,,,,,,,,,,,,,,,,,,,,,,,,,,,,,,,,,,,,,,,,
Nairobi,Embakasi South,Embakasi South PCN,"-1.329,36.885",RMNCAH Project,pending_gazettement ,,,,,,,,,,,,,,,,,,,,,,,,,,,,,,,,,,,,,,,,,,,,,,,,,,,,,,,,,,,,,,,,,,,,,,,,,,,,,,,,,,,,,,,,,,,,,,,,,,,,,,,,,,
Nairobi,Embakasi West,Embakasi West PCN,"-1.282,36.878",No Supporting Partner,awaiting_partner_support,,,,,,,,,,,,,,,,,,,,,,,,,,,,,,,,,,,,,,,,,,,,,,,,,,,,,,,,,,,,,,,,,,,,,,,,,,,,,,,,,,,,,,,,,,,,,,,,,,,,,,,,,,
Nairobi,Kamukunji,Kamukunji PCN,"-1.284,36.841",No Supporting Partner,awaiting_partner_support,,,,,,,,,,,,,,,,,,,,,,,,,,,,,,,,,,,,,,,,,,,,,,,,,,,,,,,,,,,,,,,,,,,,,,,,,,,,,,,,,,,,,,,,,,,,,,,,,,,,,,,,,,
Nairobi,Kasarani,Kasarani PCN,"-1.221,36.897",No Supporting Partner,awaiting_partner_support,,,,,,,,,,,,,,,,,,,,,,,,,,,,,,,,,,,,,,,,,,,,,,,,,,,,,,,,,,,,,,,,,,,,,,,,,,,,,,,,,,,,,,,,,,,,,,,,,,,,,,,,,,
Nairobi,Kibra,Kibra PCN,"-1.313,36.787",UNICEF,pending_gazettement ,,,,,,,,,,,,,,,,,,,,,,,,,,,,,,,,,,,,,,,,,,,,,,,,,,,,,,,,,,,,,,,,,,,,,,,,,,,,,,,,,,,,,,,,,,,,,,,,,,,,,,,,,,
Nairobi,Lang'ata,Lang'ata PCN,"-1.36,36.736",No Supporting Partner,awaiting_partner_support,,,,,,,,,,,,,,,,,,,,,,,,,,,,,,,,,,,,,,,,,,,,,,,,,,,,,,,,,,,,,,,,,,,,,,,,,,,,,,,,,,,,,,,,,,,,,,,,,,,,,,,,,,
Nairobi,Mathare,Mathare PCN,"-1.256,36.854",UNICEF,pending_gazettement ,,,,,,,,,,,,,,,,,,,,,,,,,,,,,,,,,,,,,,,,,,,,,,,,,,,,,,,,,,,,,,,,,,,,,,,,,,,,,,,,,,,,,,,,,,,,,,,,,,,,,,,,,,
Nairobi,Roysambu,Roysambu PCN,"-1.218,36.887",No Supporting Partner,awaiting_partner_support,,,,,,,,,,,,,,,,,,,,,,,,,,,,,,,,,,,,,,,,,,,,,,,,,,,,,,,,,,,,,,,,,,,,,,,,,,,,,,,,,,,,,,,,,,,,,,,,,,,,,,,,,,
Nairobi,Ruaraka,Ruaraka PCN,"-1.249,36.882",Fahari Ya Jamii (USAID),pending_gazettement ,,,,,,,,,,,,,,,,,,,,,,,,,,,,,,,,,,,,,,,,,,,,,,,,,,,,,,,,,,,,,,,,,,,,,,,,,,,,,,,,,,,,,,,,,,,,,,,,,,,,,,,,,,
Nairobi,Starehe,Starehe PCN,"-1.2864,36.8172",No Supporting Partner,awaiting_partner_support,,,,,,,,,,,,,,,,,,,,,,,,,,,,,,,,,,,,,,,,,,,,,,,,,,,,,,,,,,,,,,,,,,,,,,,,,,,,,,,,,,,,,,,,,,,,,,,,,,,,,,,,,,
Nairobi,Westlands,Westlands PCN,"-1.267,36.804",No Supporting Partner,awaiting_partner_support,,,,,,,,,,,,,,,,,,,,,,,,,,,,,,,,,,,,,,,,,,,,,,,,,,,,,,,,,,,,,,,,,,,,,,,,,,,,,,,,,,,,,,,,,,,,,,,,,,,,,,,,,,
Nakuru,Bahati (Nakuru North),Bahati (Nakuru North) PCN,"-0.284,36.112",Tujenge jamii (USAID) & ThinkWell,pending_gazettement ,,,,,,,,,,,,,,,,,,,,,,,,,,,,,,,,,,,,,,,,,,,,,,,,,,,,,,,,,,,,,,,,,,,,,,,,,,,,,,,,,,,,,,,,,,,,,,,,,,,,,,,,,,
Nakuru,Naivasha ,Naivasha  PCN,"-0.717,36.431",Tujenge jamii (USAID),pending_gazettement ,,,,,,,,,,,,,,,,,,,,,,,,,,,,,,,,,,,,,,,,,,,,,,,,,,,,,,,,,,,,,,,,,,,,,,,,,,,,,,,,,,,,,,,,,,,,,,,,,,,,,,,,,,
Nakuru,Gilgil,Gilgil PCN,"-0.498,36.317",Tujenge jamii (USAID),pending_gazettement ,,,,,,,,,,,,,,,,,,,,,,,,,,,,,,,,,,,,,,,,,,,,,,,,,,,,,,,,,,,,,,,,,,,,,,,,,,,,,,,,,,,,,,,,,,,,,,,,,,,,,,,,,,
Nakuru,Kuresoi North,Kuresoi North PCN,"-0.047,35.714",Tujenge jamii (USAID),pending_gazettement ,,,,,,,,,,,,,,,,,,,,,,,,,,,,,,,,,,,,,,,,,,,,,,,,,,,,,,,,,,,,,,,,,,,,,,,,,,,,,,,,,,,,,,,,,,,,,,,,,,,,,,,,,,
Nakuru,Kuresoi South,Kuresoi South PCN,"-0.287,35.602",Tujenge jamii (USAID),pending_gazettement ,,,,,,,,,,,,,,,,,,,,,,,,,,,,,,,,,,,,,,,,,,,,,,,,,,,,,,,,,,,,,,,,,,,,,,,,,,,,,,,,,,,,,,,,,,,,,,,,,,,,,,,,,,
Nakuru,Molo,Molo PCN,"-0.249,35.734",Tujenge jamii (USAID),pending_gazettement ,,,,,,,,,,,,,,,,,,,,,,,,,,,,,,,,,,,,,,,,,,,,,,,,,,,,,,,,,,,,,,,,,,,,,,,,,,,,,,,,,,,,,,,,,,,,,,,,,,,,,,,,,,
Nakuru,Nakuru Town East ,Nakuru Town East  PCN,"-0.3031,36.08",Tujenge jamii (USAID),pending_gazettement ,,,,,,,,,,,,,,,,,,,,,,,,,,,,,,,,,,,,,,,,,,,,,,,,,,,,,,,,,,,,,,,,,,,,,,,,,,,,,,,,,,,,,,,,,,,,,,,,,,,,,,,,,,
Nakuru,Nakuru Town West,Nakuru Town West PCN,"-0.3031,36.08",Tujenge jamii (USAID),pending_gazettement ,,,,,,,,,,,,,,,,,,,,,,,,,,,,,,,,,,,,,,,,,,,,,,,,,,,,,,,,,,,,,,,,,,,,,,,,,,,,,,,,,,,,,,,,,,,,,,,,,,,,,,,,,,
Nakuru,Rongai,Rongai PCN,"-0.173,35.863",Tujenge jamii (USAID),pending_gazettement ,,,,,,,,,,,,,,,,,,,,,,,,,,,,,,,,,,,,,,,,,,,,,,,,,,,,,,,,,,,,,,,,,,,,,,,,,,,,,,,,,,,,,,,,,,,,,,,,,,,,,,,,,,
Nakuru,Njoro,Njoro PCN,"-0.331,35.943",Tujenge jamii (USAID),pending_gazettement ,,,,,,,,,,,,,,,,,,,,,,,,,,,,,,,,,,,,,,,,,,,,,,,,,,,,,,,,,,,,,,,,,,,,,,,,,,,,,,,,,,,,,,,,,,,,,,,,,,,,,,,,,,
Nakuru,Subukia,Subukia PCN,"-0.014,36.238",Tujenge jamii (USAID),pending_gazettement ,,,,,,,,,,,,,,,,,,,,,,,,,,,,,,,,,,,,,,,,,,,,,,,,,,,,,,,,,,,,,,,,,,,,,,,,,,,,,,,,,,,,,,,,,,,,,,,,,,,,,,,,,,
Nandi,Aldai,Aldai PCN,"0.155,35.103",GoK,pending_gazettement ,,,,,,,,,,,,,,,,,,,,,,,,,,,,,,,,,,,,,,,,,,,,,,,,,,,,,,,,,,,,,,,,,,,,,,,,,,,,,,,,,,,,,,,,,,,,,,,,,,,,,,,,,,
Nandi,Chesumei,Chesumei PCN,"0.203,35.1",GoK,pending_gazettement ,,,,,,,,,,,,,,,,,,,,,,,,,,,,,,,,,,,,,,,,,,,,,,,,,,,,,,,,,,,,,,,,,,,,,,,,,,,,,,,,,,,,,,,,,,,,,,,,,,,,,,,,,,
Nandi,Emgwen,Emgwen PCN,"0.203,35.1",GoK,pending_gazettement ,,,,,,,,,,,,,,,,,,,,,,,,,,,,,,,,,,,,,,,,,,,,,,,,,,,,,,,,,,,,,,,,,,,,,,,,,,,,,,,,,,,,,,,,,,,,,,,,,,,,,,,,,,
Nandi,Mosop,Mosop PCN,"0.35,35.34",County,pending_gazettement ,,,,,,,,,,,,,,,,,,,,,,,,,,,,,,,,,,,,,,,,,,,,,,,,,,,,,,,,,,,,,,,,,,,,,,,,,,,,,,,,,,,,,,,,,,,,,,,,,,,,,,,,,,
Nandi,Nandi Hills,Nandi Hills PCN,"0.103,35.184",County,pending_gazettement ,,,,,,,,,,,,,,,,,,,,,,,,,,,,,,,,,,,,,,,,,,,,,,,,,,,,,,,,,,,,,,,,,,,,,,,,,,,,,,,,,,,,,,,,,,,,,,,,,,,,,,,,,,
Nandi,Tinderet,Tinderet PCN,"0.098,35.442",GoK,pending_gazettement ,,,,,,,,,,,,,,,,,,,,,,,,,,,,,,,,,,,,,,,,,,,,,,,,,,,,,,,,,,,,,,,,,,,,,,,,,,,,,,,,,,,,,,,,,,,,,,,,,,,,,,,,,,
Narok ,Narok East ,Narok East  PCN,"-1.08,35.87",AMREF (UNFPA & CDC) ,pending_gazettement ,,,,,,,,,,,,,,,,,,,,,,,,,,,,,,,,,,,,,,,,,,,,,,,,,,,,,,,,,,,,,,,,,,,,,,,,,,,,,,,,,,,,,,,,,,,,,,,,,,,,,,,,,,
Narok ,Narok North,Narok North PCN,"-1.08,35.87",No Supporting Partner,awaiting_partner_support,,,,,,,,,,,,,,,,,,,,,,,,,,,,,,,,,,,,,,,,,,,,,,,,,,,,,,,,,,,,,,,,,,,,,,,,,,,,,,,,,,,,,,,,,,,,,,,,,,,,,,,,,,
Narok ,Narok South,Narok South PCN,"-1.001,35.432",RMNCAH Project,pending_gazettement ,,,,,,,,,,,,,,,,,,,,,,,,,,,,,,,,,,,,,,,,,,,,,,,,,,,,,,,,,,,,,,,,,,,,,,,,,,,,,,,,,,,,,,,,,,,,,,,,,,,,,,,,,,
Narok ,Narok West,Narok West PCN,"-1.001,35.432",No Supporting Partner,awaiting_partner_support,,,,,,,,,,,,,,,,,,,,,,,,,,,,,,,,,,,,,,,,,,,,,,,,,,,,,,,,,,,,,,,,,,,,,,,,,,,,,,,,,,,,,,,,,,,,,,,,,,,,,,,,,,
Narok ,Transmara East,Transmara East PCN,"-1.001,35.432",No Supporting Partner,awaiting_partner_support,,,,,,,,,,,,,,,,,,,,,,,,,,,,,,,,,,,,,,,,,,,,,,,,,,,,,,,,,,,,,,,,,,,,,,,,,,,,,,,,,,,,,,,,,,,,,,,,,,,,,,,,,,
Narok ,Transmara West,Transmara West PCN,"-1.109,35.547",RMNCAH Project,pending_gazettement ,,,,,,,,,,,,,,,,,,,,,,,,,,,,,,,,,,,,,,,,,,,,,,,,,,,,,,,,,,,,,,,,,,,,,,,,,,,,,,,,,,,,,,,,,,,,,,,,,,,,,,,,,,
Nyamira,Masaba North,Masaba North PCN,"-0.563,34.934",AMREF,pending_gazettement ,,,,,,,,,,,,,,,,,,,,,,,,,,,,,,,,,,,,,,,,,,,,,,,,,,,,,,,,,,,,,,,,,,,,,,,,,,,,,,,,,,,,,,,,,,,,,,,,,,,,,,,,,,
Nyamira,Manga,Manga PCN,"-0.708,34.935",AMREF,pending_gazettement ,,,,,,,,,,,,,,,,,,,,,,,,,,,,,,,,,,,,,,,,,,,,,,,,,,,,,,,,,,,,,,,,,,,,,,,,,,,,,,,,,,,,,,,,,,,,,,,,,,,,,,,,,,
Nyamira,Nyamira North,Nyamira North PCN,"-0.563,34.934",AMREF,pending_gazettement ,,,,,,,,,,,,,,,,,,,,,,,,,,,,,,,,,,,,,,,,,,,,,,,,,,,,,,,,,,,,,,,,,,,,,,,,,,,,,,,,,,,,,,,,,,,,,,,,,,,,,,,,,,
Nyamira,Nyamira South,Nyamira South PCN,"-0.563,34.934",AMREF,pending_gazettement ,,,,,,,,,,,,,,,,,,,,,,,,,,,,,,,,,,,,,,,,,,,,,,,,,,,,,,,,,,,,,,,,,,,,,,,,,,,,,,,,,,,,,,,,,,,,,,,,,,,,,,,,,,
Nyamira,Borabu,Borabu PCN,"-0.801,34.723",AMREF,pending_gazettement ,,,,,,,,,,,,,,,,,,,,,,,,,,,,,,,,,,,,,,,,,,,,,,,,,,,,,,,,,,,,,,,,,,,,,,,,,,,,,,,,,,,,,,,,,,,,,,,,,,,,,,,,,,
Nyandarua,Ndaragwa,Ndaragwa PCN,"-0.069,36.634",AMREF,gazettement_ongoing,,,,,,,,,,,,,,,,,,,,,,,,,,,,,,,,,,,,,,,,,,,,,,,,,,,,,,,,,,,,,,,,,,,,,,,,,,,,,,,,,,,,,,,,,,,,,,,,,,,,,,,,,,
Nyandarua,Kinangop,Kinangop PCN,"-0.728,36.632",AMREF,gazettement_ongoing,,,,,,,,,,,,,,,,,,,,,,,,,,,,,,,,,,,,,,,,,,,,,,,,,,,,,,,,,,,,,,,,,,,,,,,,,,,,,,,,,,,,,,,,,,,,,,,,,,,,,,,,,,
Nyandarua,Ol joro Orok,Ol joro Orok PCN,"-0.138,36.368",AMREF,gazettement_ongoing,,,,,,,,,,,,,,,,,,,,,,,,,,,,,,,,,,,,,,,,,,,,,,,,,,,,,,,,,,,,,,,,,,,,,,,,,,,,,,,,,,,,,,,,,,,,,,,,,,,,,,,,,,
Nyandarua,Ol Kalou,Ol Kalou PCN,"-0.27,36.379",AMREF,gazettement_ongoing,,,,,,,,,,,,,,,,,,,,,,,,,,,,,,,,,,,,,,,,,,,,,,,,,,,,,,,,,,,,,,,,,,,,,,,,,,,,,,,,,,,,,,,,,,,,,,,,,,,,,,,,,,
Nyandarua,Kipipiri,Kipipiri PCN,"-0.524,36.48",AMREF,gazettement_ongoing,,,,,,,,,,,,,,,,,,,,,,,,,,,,,,,,,,,,,,,,,,,,,,,,,,,,,,,,,,,,,,,,,,,,,,,,,,,,,,,,,,,,,,,,,,,,,,,,,,,,,,,,,,
Nyeri,Kieni East,Kieni East PCN,"-0.486,37.122",LVCT (CDC)  ,gazettement_ongoing,,,,,,,,,,,,,,,,,,,,,,,,,,,,,,,,,,,,,,,,,,,,,,,,,,,,,,,,,,,,,,,,,,,,,,,,,,,,,,,,,,,,,,,,,,,,,,,,,,,,,,,,,,
Nyeri,Kieni West,Kieni West PCN,"-0.697,36.944",LVCT (CDC)  ,gazettement_ongoing,,,,,,,,,,,,,,,,,,,,,,,,,,,,,,,,,,,,,,,,,,,,,,,,,,,,,,,,,,,,,,,,,,,,,,,,,,,,,,,,,,,,,,,,,,,,,,,,,,,,,,,,,,
Nyeri,Mathira East,Mathira East PCN,"-0.486,37.122",LVCT (CDC)  ,gazettement_ongoing,,,,,,,,,,,,,,,,,,,,,,,,,,,,,,,,,,,,,,,,,,,,,,,,,,,,,,,,,,,,,,,,,,,,,,,,,,,,,,,,,,,,,,,,,,,,,,,,,,,,,,,,,,
Nyeri,Mathira West,Mathira West PCN,"-0.486,37.122",LVCT (CDC)  ,gazettement_ongoing,,,,,,,,,,,,,,,,,,,,,,,,,,,,,,,,,,,,,,,,,,,,,,,,,,,,,,,,,,,,,,,,,,,,,,,,,,,,,,,,,,,,,,,,,,,,,,,,,,,,,,,,,,
Nyeri,Nyeri South/Othaya,Nyeri South/Othaya PCN,"-0.547,36.931",AMREF (J&J Elma),gazettement_ongoing,,,,,,,,,,,,,,,,,,,,,,,,,,,,,,,,,,,,,,,,,,,,,,,,,,,,,,,,,,,,,,,,,,,,,,,,,,,,,,,,,,,,,,,,,,,,,,,,,,,,,,,,,,
Nyeri,Tetu,Tetu PCN,"-0.422,36.954",AMREF (J&J Elma),gazettement_ongoing,,,,,,,,,,,,,,,,,,,,,,,,,,,,,,,,,,,,,,,,,,,,,,,,,,,,,,,,,,,,,,,,,,,,,,,,,,,,,,,,,,,,,,,,,,,,,,,,,,,,,,,,,,
Samburu,Samburu East ,Samburu East PCN1,"0.583,37.007",UNICEF,pending_gazettement ,,,,,,,,,,,,,,,,,,,,,,,,,,,,,,,,,,,,,,,,,,,,,,,,,,,,,,,,,,,,,,,,,,,,,,,,,,,,,,,,,,,,,,,,,,,,,,,,,,,,,,,,,,
Samburu,Samburu East ,Samburu East PCN2,"0.583,37.537",UNICEF,pending_gazettement ,,,,,,,,,,,,,,,,,,,,,,,,,,,,,,,,,,,,,,,,,,,,,,,,,,,,,,,,,,,,,,,,,,,,,,,,,,,,,,,,,,,,,,,,,,,,,,,,,,,,,,,,,,
Samburu,Samburu North,Samburu North PCN,"1.784,36.789",UNICEF,pending_gazettement ,,,,,,,,,,,,,,,,,,,,,,,,,,,,,,,,,,,,,,,,,,,,,,,,,,,,,,,,,,,,,,,,,,,,,,,,,,,,,,,,,,,,,,,,,,,,,,,,,,,,,,,,,,
Samburu,Samburu Central,Samburu Central PCN,"1.1,36.698",UNICEF,pending_gazettement ,,,,,,,,,,,,,,,,,,,,,,,,,,,,,,,,,,,,,,,,,,,,,,,,,,,,,,,,,,,,,,,,,,,,,,,,,,,,,,,,,,,,,,,,,,,,,,,,,,,,,,,,,,
Siaya,Alego Usonga,Alego Usonga PCN,"-0.0617,34.2888",RMNCAH Project,pending_gazettement ,,,,,,,,,,,,,,,,,,,,,,,,,,,,,,,,,,,,,,,,,,,,,,,,,,,,,,,,,,,,,,,,,,,,,,,,,,,,,,,,,,,,,,,,,,,,,,,,,,,,,,,,,,
Siaya,Bondo,Bondo PCN,"0.236,34.281",Medtronics Lab & CHS,pending_gazettement ,,,,,,,,,,,,,,,,,,,,,,,,,,,,,,,,,,,,,,,,,,,,,,,,,,,,,,,,,,,,,,,,,,,,,,,,,,,,,,,,,,,,,,,,,,,,,,,,,,,,,,,,,,
Siaya,Gem,Gem PCN,"0.097,34.537",RMNCAH Project,pending_gazettement ,,,,,,,,,,,,,,,,,,,,,,,,,,,,,,,,,,,,,,,,,,,,,,,,,,,,,,,,,,,,,,,,,,,,,,,,,,,,,,,,,,,,,,,,,,,,,,,,,,,,,,,,,,
Siaya,Rarieda,Rarieda PCN,"0.094,34.389",RMNCAH Project,pending_gazettement ,,,,,,,,,,,,,,,,,,,,,,,,,,,,,,,,,,,,,,,,,,,,,,,,,,,,,,,,,,,,,,,,,,,,,,,,,,,,,,,,,,,,,,,,,,,,,,,,,,,,,,,,,,
Siaya,Ugunja,Ugunja PCN,"0.182,34.363",RMNCAH Project,pending_gazettement ,,,,,,,,,,,,,,,,,,,,,,,,,,,,,,,,,,,,,,,,,,,,,,,,,,,,,,,,,,,,,,,,,,,,,,,,,,,,,,,,,,,,,,,,,,,,,,,,,,,,,,,,,,
Siaya,Ugenya,Ugenya PCN,"0.097,34.537",Medtronics Lab & CHS,pending_gazettement ,,,,,,,,,,,,,,,,,,,,,,,,,,,,,,,,,,,,,,,,,,,,,,,,,,,,,,,,,,,,,,,,,,,,,,,,,,,,,,,,,,,,,,,,,,,,,,,,,,,,,,,,,,
Taita Taveta ,Taveta,Taveta PCN,"-3.398,37.678",USAID Stawisha Pwani,pending_gazettement ,,,,,,,,,,,,,,,,,,,,,,,,,,,,,,,,,,,,,,,,,,,,,,,,,,,,,,,,,,,,,,,,,,,,,,,,,,,,,,,,,,,,,,,,,,,,,,,,,,,,,,,,,,
Taita Taveta ,Wundanyi,Wundanyi PCN,"-3.397,38.359",USAID Stawisha Pwani,pending_gazettement ,,,,,,,,,,,,,,,,,,,,,,,,,,,,,,,,,,,,,,,,,,,,,,,,,,,,,,,,,,,,,,,,,,,,,,,,,,,,,,,,,,,,,,,,,,,,,,,,,,,,,,,,,,
Taita Taveta ,Voi,Voi PCN,"-3.396,38.556",USAID Stawisha Pwani,pending_gazettement ,,,,,,,,,,,,,,,,,,,,,,,,,,,,,,,,,,,,,,,,,,,,,,,,,,,,,,,,,,,,,,,,,,,,,,,,,,,,,,,,,,,,,,,,,,,,,,,,,,,,,,,,,,
Taita Taveta ,Mwatate,Mwatate PCN,"-3.509,38.377",USAID Stawisha Pwani,pending_gazettement ,,,,,,,,,,,,,,,,,,,,,,,,,,,,,,,,,,,,,,,,,,,,,,,,,,,,,,,,,,,,,,,,,,,,,,,,,,,,,,,,,,,,,,,,,,,,,,,,,,,,,,,,,,
Tana River,Bura,Bura PCN,"-1.188,39.95",Kenya Red Cross Society,pending_gazettement ,,,,,,,,,,,,,,,,,,,,,,,,,,,,,,,,,,,,,,,,,,,,,,,,,,,,,,,,,,,,,,,,,,,,,,,,,,,,,,,,,,,,,,,,,,,,,,,,,,,,,,,,,,
Tana River,Galole,Galole PCN,"-2.268,40.107",Kenya Red Cross Society,pending_gazettement ,,,,,,,,,,,,,,,,,,,,,,,,,,,,,,,,,,,,,,,,,,,,,,,,,,,,,,,,,,,,,,,,,,,,,,,,,,,,,,,,,,,,,,,,,,,,,,,,,,,,,,,,,,
Tana River,Garsen,Garsen PCN,"-2.268,40.107",Kenya Red Cross Society,pending_gazettement ,,,,,,,,,,,,,,,,,,,,,,,,,,,,,,,,,,,,,,,,,,,,,,,,,,,,,,,,,,,,,,,,,,,,,,,,,,,,,,,,,,,,,,,,,,,,,,,,,,,,,,,,,,
Tharaka Nithi,Mwimbi,Mwimbi PCN,"-0.226,37.669",AMREF (Uwazi wa Afya Thabiti),gazettement_ongoing,,,,,,,,,,,,,,,,,,,,,,,,,,,,,,,,,,,,,,,,,,,,,,,,,,,,,,,,,,,,,,,,,,,,,,,,,,,,,,,,,,,,,,,,,,,,,,,,,,,,,,,,,,
Tharaka Nithi,Tharaka South,Tharaka South PCN,"-0.24,37.869",AMREF (Uwazi wa Afya Thabiti),gazettement_ongoing,,,,,,,,,,,,,,,,,,,,,,,,,,,,,,,,,,,,,,,,,,,,,,,,,,,,,,,,,,,,,,,,,,,,,,,,,,,,,,,,,,,,,,,,,,,,,,,,,,,,,,,,,,
Tharaka Nithi,Chuka,Chuka PCN,"-0.333,37.65",AMREF (Uongozi Wa Afya Thabiti),gazettement_ongoing,,,,,,,,,,,,,,,,,,,,,,,,,,,,,,,,,,,,,,,,,,,,,,,,,,,,,,,,,,,,,,,,,,,,,,,,,,,,,,,,,,,,,,,,,,,,,,,,,,,,,,,,,,
Tharaka Nithi,Tharaka North ,Tharaka North  PCN,"-0.145,37.815",AMREF (Uongozi Wa Afya Thabiti),gazettement_ongoing,,,,,,,,,,,,,,,,,,,,,,,,,,,,,,,,,,,,,,,,,,,,,,,,,,,,,,,,,,,,,,,,,,,,,,,,,,,,,,,,,,,,,,,,,,,,,,,,,,,,,,,,,,
Tharaka Nithi,Muthambi,Muthambi PCN,"-0.226,37.669",AMREF (Uongozi Wa Afya Thabiti),gazettement_ongoing,,,,,,,,,,,,,,,,,,,,,,,,,,,,,,,,,,,,,,,,,,,,,,,,,,,,,,,,,,,,,,,,,,,,,,,,,,,,,,,,,,,,,,,,,,,,,,,,,,,,,,,,,,
Tharaka Nithi,Igambang'ombe,Igambang'ombe PCN,"-0.333,37.65",AMREF (Uongozi Wa Afya Thabiti),gazettement_ongoing,,,,,,,,,,,,,,,,,,,,,,,,,,,,,,,,,,,,,,,,,,,,,,,,,,,,,,,,,,,,,,,,,,,,,,,,,,,,,,,,,,,,,,,,,,,,,,,,,,,,,,,,,,
Trans Nzoia,Kiminini,Kiminini PCN,"0.932,34.915",AMPATH,gazetted,,,,,,,,,,,,,,,,,,,,,,,,,,,,,,,,,,,,,,,,,,,,,,,,,,,,,,,,,,,,,,,,,,,,,,,,,,,,,,,,,,,,,,,,,,,,,,,,,,,,,,,,,,
Trans Nzoia,Cherangany,Cherangany PCN,"1.04,35.02",AMPATH,gazetted,,,,,,,,,,,,,,,,,,,,,,,,,,,,,,,,,,,,,,,,,,,,,,,,,,,,,,,,,,,,,,,,,,,,,,,,,,,,,,,,,,,,,,,,,,,,,,,,,,,,,,,,,,
Trans Nzoia,Saboti,Saboti PCN,"1.018,34.983",AMPATH,gazetted,,,,,,,,,,,,,,,,,,,,,,,,,,,,,,,,,,,,,,,,,,,,,,,,,,,,,,,,,,,,,,,,,,,,,,,,,,,,,,,,,,,,,,,,,,,,,,,,,,,,,,,,,,
Trans Nzoia,Kwanza,Kwanza PCN,"1.183,35.02",AMPATH,gazetted,,,,,,,,,,,,,,,,,,,,,,,,,,,,,,,,,,,,,,,,,,,,,,,,,,,,,,,,,,,,,,,,,,,,,,,,,,,,,,,,,,,,,,,,,,,,,,,,,,,,,,,,,,
Trans Nzoia,Endebess,Endebess PCN,"1.255,34.773",AMPATH,gazetted,,,,,,,,,,,,,,,,,,,,,,,,,,,,,,,,,,,,,,,,,,,,,,,,,,,,,,,,,,,,,,,,,,,,,,,,,,,,,,,,,,,,,,,,,,,,,,,,,,,,,,,,,,
Turkana,Loima,Loima PCN,"2.59,35.72",Imarisha Jamii (USAID),pending_gazettement ,,,,,,,,,,,,,,,,,,,,,,,,,,,,,,,,,,,,,,,,,,,,,,,,,,,,,,,,,,,,,,,,,,,,,,,,,,,,,,,,,,,,,,,,,,,,,,,,,,,,,,,,,,
Turkana,Turkana central,Turkana central PCN,"3.119,35.597",AMREF (UNFPA),pending_gazettement ,,,,,,,,,,,,,,,,,,,,,,,,,,,,,,,,,,,,,,,,,,,,,,,,,,,,,,,,,,,,,,,,,,,,,,,,,,,,,,,,,,,,,,,,,,,,,,,,,,,,,,,,,,
Turkana,Turkana North,Turkana North PCN,"4.34,34.29",AMREF (UNFPA),pending_gazettement ,,,,,,,,,,,,,,,,,,,,,,,,,,,,,,,,,,,,,,,,,,,,,,,,,,,,,,,,,,,,,,,,,,,,,,,,,,,,,,,,,,,,,,,,,,,,,,,,,,,,,,,,,,
Turkana,Kibish,Kibish PCN,"4.98,35.77",AMREF (USAID),pending_gazettement ,,,,,,,,,,,,,,,,,,,,,,,,,,,,,,,,,,,,,,,,,,,,,,,,,,,,,,,,,,,,,,,,,,,,,,,,,,,,,,,,,,,,,,,,,,,,,,,,,,,,,,,,,,
Turkana,Turkana West,Turkana West PCN,"3.493,35.844",AMREF (USAID),pending_gazettement ,,,,,,,,,,,,,,,,,,,,,,,,,,,,,,,,,,,,,,,,,,,,,,,,,,,,,,,,,,,,,,,,,,,,,,,,,,,,,,,,,,,,,,,,,,,,,,,,,,,,,,,,,,
Turkana,Lokichogio,Lokichogio PCN,"4.204,34.348",AMREF (USAID),pending_gazettement ,,,,,,,,,,,,,,,,,,,,,,,,,,,,,,,,,,,,,,,,,,,,,,,,,,,,,,,,,,,,,,,,,,,,,,,,,,,,,,,,,,,,,,,,,,,,,,,,,,,,,,,,,,
Turkana,Lokiriama,Lokiriama PCN,"2.688,35.641",AMREF (USAID),pending_gazettement ,,,,,,,,,,,,,,,,,,,,,,,,,,,,,,,,,,,,,,,,,,,,,,,,,,,,,,,,,,,,,,,,,,,,,,,,,,,,,,,,,,,,,,,,,,,,,,,,,,,,,,,,,,
Turkana,Suguta,Suguta PCN,"2.27,35.94",No Supporting Partner,awaiting_partner_support,,,,,,,,,,,,,,,,,,,,,,,,,,,,,,,,,,,,,,,,,,,,,,,,,,,,,,,,,,,,,,,,,,,,,,,,,,,,,,,,,,,,,,,,,,,,,,,,,,,,,,,,,,
Turkana,Turkana East,Turkana East PCN,"1.87,36.55",No Supporting Partner,awaiting_partner_support,,,,,,,,,,,,,,,,,,,,,,,,,,,,,,,,,,,,,,,,,,,,,,,,,,,,,,,,,,,,,,,,,,,,,,,,,,,,,,,,,,,,,,,,,,,,,,,,,,,,,,,,,,
Turkana,Turkana South,Turkana South PCN,"3.03,35.56",No Supporting Partner,awaiting_partner_support,,,,,,,,,,,,,,,,,,,,,,,,,,,,,,,,,,,,,,,,,,,,,,,,,,,,,,,,,,,,,,,,,,,,,,,,,,,,,,,,,,,,,,,,,,,,,,,,,,,,,,,,,,
Turkana,Aroo,Aroo PCN,"3.24,35.79",No Supporting Partner, new_sub_county_not_gazetted,,,,,,,,,,,,,,,,,,,,,,,,,,,,,,,,,,,,,,,,,,,,,,,,,,,,,,,,,,,,,,,,,,,,,,,,,,,,,,,,,,,,,,,,,,,,,,,,,,,,,,,,,,
Uasin Gishu,Ainabkoi,Ainabkoi PCN,"0.44,35.13",AMPATH,gazetted_and_operational,,,,,,,,,,,,,,,,,,,,,,,,,,,,,,,,,,,,,,,,,,,,,,,,,,,,,,,,,,,,,,,,,,,,,,,,,,,,,,,,,,,,,,,,,,,,,,,,,,,,,,,,,,
Uasin Gishu,Kapseret,Kapseret PCN,"0.52,35.26",AMPATH,gazetted_and_operational,,,,,,,,,,,,,,,,,,,,,,,,,,,,,,,,,,,,,,,,,,,,,,,,,,,,,,,,,,,,,,,,,,,,,,,,,,,,,,,,,,,,,,,,,,,,,,,,,,,,,,,,,,
Uasin Gishu,Kesses,Kesses PCN,"0.53,35.34",AMPATH,gazetted_and_operational,,,,,,,,,,,,,,,,,,,,,,,,,,,,,,,,,,,,,,,,,,,,,,,,,,,,,,,,,,,,,,,,,,,,,,,,,,,,,,,,,,,,,,,,,,,,,,,,,,,,,,,,,,
Uasin Gishu,Soy,Soy PCN,"0.6,35.24",AMPATH,gazetted_and_operational,,,,,,,,,,,,,,,,,,,,,,,,,,,,,,,,,,,,,,,,,,,,,,,,,,,,,,,,,,,,,,,,,,,,,,,,,,,,,,,,,,,,,,,,,,,,,,,,,,,,,,,,,,
Uasin Gishu,Turbo ,Turbo PCN1,"0.63,35.018",AMPATH,gazetted_and_operational,,,,,,,,,,,,,,,,,,,,,,,,,,,,,,,,,,,,,,,,,,,,,,,,,,,,,,,,,,,,,,,,,,,,,,,,,,,,,,,,,,,,,,,,,,,,,,,,,,,,,,,,,,
Uasin Gishu,Turbo ,Turbo PCN2,"0.63,35.18",AMPATH,gazetted_and_operational,,,,,,,,,,,,,,,,,,,,,,,,,,,,,,,,,,,,,,,,,,,,,,,,,,,,,,,,,,,,,,,,,,,,,,,,,,,,,,,,,,,,,,,,,,,,,,,,,,,,,,,,,,
Uasin Gishu,Turbo ,Turbo PCN3,"0.63,35.28",AMPATH,gazetted_and_operational,,,,,,,,,,,,,,,,,,,,,,,,,,,,,,,,,,,,,,,,,,,,,,,,,,,,,,,,,,,,,,,,,,,,,,,,,,,,,,,,,,,,,,,,,,,,,,,,,,,,,,,,,,
Uasin Gishu,Moiben ,Moiben PCN1,"0.65,35.03",AMPATH,gazetted_and_operational,,,,,,,,,,,,,,,,,,,,,,,,,,,,,,,,,,,,,,,,,,,,,,,,,,,,,,,,,,,,,,,,,,,,,,,,,,,,,,,,,,,,,,,,,,,,,,,,,,,,,,,,,,
Uasin Gishu,Moiben ,Moiben PCN2,"0.65,35.3",AMPATH,gazetted_and_operational,,,,,,,,,,,,,,,,,,,,,,,,,,,,,,,,,,,,,,,,,,,,,,,,,,,,,,,,,,,,,,,,,,,,,,,,,,,,,,,,,,,,,,,,,,,,,,,,,,,,,,,,,,
Vihiga,Luanda,Luanda PCN,"0.3,34.6",MCGL (USAID),gazetted_and_operational,,,,,,,,,,,,,,,,,,,,,,,,,,,,,,,,,,,,,,,,,,,,,,,,,,,,,,,,,,,,,,,,,,,,,,,,,,,,,,,,,,,,,,,,,,,,,,,,,,,,,,,,,,
Vihiga,Emuhaya,Emuhaya PCN,"0.06,34.58",MCGL (USAID),gazetted_and_operational,,,,,,,,,,,,,,,,,,,,,,,,,,,,,,,,,,,,,,,,,,,,,,,,,,,,,,,,,,,,,,,,,,,,,,,,,,,,,,,,,,,,,,,,,,,,,,,,,,,,,,,,,,
Vihiga,Hamisi,Hamisi PCN,"0.15,34.7",MCGL (USAID),gazetted_and_operational,,,,,,,,,,,,,,,,,,,,,,,,,,,,,,,,,,,,,,,,,,,,,,,,,,,,,,,,,,,,,,,,,,,,,,,,,,,,,,,,,,,,,,,,,,,,,,,,,,,,,,,,,,
Vihiga,Sabatia,Sabatia PCN,"0.12,34.73",MCGL (USAID),gazetted_and_operational,,,,,,,,,,,,,,,,,,,,,,,,,,,,,,,,,,,,,,,,,,,,,,,,,,,,,,,,,,,,,,,,,,,,,,,,,,,,,,,,,,,,,,,,,,,,,,,,,,,,,,,,,,
Vihiga,Vihiga,Vihiga PCN,"0.05,34.73",MCGL & Nuru ya mtoto,gazetted_and_operational,,,,,,,,,,,,,,,,,,,,,,,,,,,,,,,,,,,,,,,,,,,,,,,,,,,,,,,,,,,,,,,,,,,,,,,,,,,,,,,,,,,,,,,,,,,,,,,,,,,,,,,,,,
Wajir ,Wajir East,Wajir East PCN,"1.748,40.057",UNICEF (USAID) ,pending_gazettement ,,,,,,,,,,,,,,,,,,,,,,,,,,,,,,,,,,,,,,,,,,,,,,,,,,,,,,,,,,,,,,,,,,,,,,,,,,,,,,,,,,,,,,,,,,,,,,,,,,,,,,,,,,
Wajir ,Eldas,Eldas PCN,"2.445,40.319",RMNCAH Project,pending_gazettement ,,,,,,,,,,,,,,,,,,,,,,,,,,,,,,,,,,,,,,,,,,,,,,,,,,,,,,,,,,,,,,,,,,,,,,,,,,,,,,,,,,,,,,,,,,,,,,,,,,,,,,,,,,
Wajir ,Tarbaj,Tarbaj PCN,"1.945,40.195",RMNCAH Project,pending_gazettement ,,,,,,,,,,,,,,,,,,,,,,,,,,,,,,,,,,,,,,,,,,,,,,,,,,,,,,,,,,,,,,,,,,,,,,,,,,,,,,,,,,,,,,,,,,,,,,,,,,,,,,,,,,
Wajir ,Wajir North,Wajir North PCN,"2.33,40.36",RMNCAH Project,pending_gazettement ,,,,,,,,,,,,,,,,,,,,,,,,,,,,,,,,,,,,,,,,,,,,,,,,,,,,,,,,,,,,,,,,,,,,,,,,,,,,,,,,,,,,,,,,,,,,,,,,,,,,,,,,,,
Wajir ,Wajir South,Wajir South PCN,"1.3,40.42",Save the Children,pending_gazettement ,,,,,,,,,,,,,,,,,,,,,,,,,,,,,,,,,,,,,,,,,,,,,,,,,,,,,,,,,,,,,,,,,,,,,,,,,,,,,,,,,,,,,,,,,,,,,,,,,,,,,,,,,,
Wajir ,Wajir West ,Wajir West  PCN,"1.82,40.07",UNICEF (USAID) ,pending_gazettement ,,,,,,,,,,,,,,,,,,,,,,,,,,,,,,,,,,,,,,,,,,,,,,,,,,,,,,,,,,,,,,,,,,,,,,,,,,,,,,,,,,,,,,,,,,,,,,,,,,,,,,,,,,
West Pokot,Pokot North ,Pokot North  PCN,"1.89,35.12",UNICEF,pending_gazettement ,,,,,,,,,,,,,,,,,,,,,,,,,,,,,,,,,,,,,,,,,,,,,,,,,,,,,,,,,,,,,,,,,,,,,,,,,,,,,,,,,,,,,,,,,,,,,,,,,,,,,,,,,,
West Pokot,Pokot South ,Pokot South  PCN,"1.31,35.2",UNICEF,pending_gazettement ,,,,,,,,,,,,,,,,,,,,,,,,,,,,,,,,,,,,,,,,,,,,,,,,,,,,,,,,,,,,,,,,,,,,,,,,,,,,,,,,,,,,,,,,,,,,,,,,,,,,,,,,,,
West Pokot,Kipkomo ,Kipkomo  PCN,"1.17,35.02",UNICEF,pending_gazettement ,,,,,,,,,,,,,,,,,,,,,,,,,,,,,,,,,,,,,,,,,,,,,,,,,,,,,,,,,,,,,,,,,,,,,,,,,,,,,,,,,,,,,,,,,,,,,,,,,,,,,,,,,,
West Pokot,Pokot West ,Pokot West  PCN,"1.25,35.11",UNICEF,pending_gazettement ,,,,,,,,,,,,,,,,,,,,,,,,,,,,,,,,,,,,,,,,,,,,,,,,,,,,,,,,,,,,,,,,,,,,,,,,,,,,,,,,,,,,,,,,,,,,,,,,,,,,,,,,,,
West Pokot,Pokot Central,Pokot Central PCN,"1.25,35.11",UNICEF,pending_gazettement ,,,,,,,,,,,,,,,,,,,,,,,,,,,,,,,,,,,,,,,,,,,,,,,,,,,,,,,,,,,,,,,,,,,,,,,,,,,,,,,,,,,,,,,,,,,,,,,,,,,,,,,,,,
